name,wealth,type,company,workplace,gender,age,hometown
张一鸣,49300.0,社交媒体,字节跳动,北京,先生,41,中国-福建-龙岩
钟睒睒,47900.0,饮料、医疗保健,养生堂,浙江杭州,先生,70,中国-浙江-绍兴
马化腾,44400.0,互联网服务,腾讯,广东深圳,先生,53,中国-海南
黄峥,34500.0,购物网站,拼多多,上海长宁,先生,44,中国-浙江-杭州
何享健,33100.0,家电制造,美的,广东佛山,先生,82,中国-广东-佛山
曾毓群,28200.0,锂电池,宁德时代,福建宁德,先生,56,中国-福建-宁德
丁磊,28200.0,互联网技术,网易,浙江杭州,先生,53,中国-浙江-宁波
李嘉诚,28200.0,投资,长江实业,香港,先生,96,中国-香港
李兆基,24600.0,房地产,恒基兆业,香港,先生,96,中国-广东-佛山
马云,23200.0,电子商务、金融科技,阿里系,浙江杭州,先生,60,中国-浙江-杭州
李书福,20400.0,汽车制造,吉利,浙江杭州,先生,61,中国-浙江-台州
严昊,20400.0,基础建设,太平洋建设,新疆乌鲁木齐,先生,38,中国-江苏-淮安
张刚,20400.0,电解铝、氧化铝,信发铝电,山东聊城,先生,43,中国-山东-聊城
李蔡美灵,19700.0,调味品,李锦记,香港,先生,未知,中国-香港
吕向阳,19700.0,投资,融捷,广东广州,先生,61,中国-安徽-芜湖
秦英林,19000.0,畜牧,牧原,河南南阳,先生,59,中国-河南-南阳
王传福,19000.0,汽车、充电电池,比亚迪,广东深圳,先生,58,中国-安徽-芜湖
赵长鹏,19000.0,虚拟货币交易所,币安,美国,先生,47,中国-江苏-连云港
雷军,18300.0,智能硬件与技术、投资,小米,北京,先生,55,中国-湖北-仙桃
陈建华,17600.0,化纤、石化、房地产,恒力,江苏苏州,先生,53,中国-江苏-苏州
张志东,17600.0,互联网服务,腾讯,广东深圳,先生,52,中国-广东-东莞
刘永行,16900.0,氧化铝、重化工、饲料,东方希望,上海浦东,先生,76,中国-四川-成都
王卫,15500.0,快递,顺丰,广东深圳,先生,54,中国-上海
魏建军,15500.0,汽车制造,长城,河北保定,先生,60,中国-河北-保定
郑淑良,15500.0,铝业、纺织,魏桥创业,山东滨州,先生,78,中国-山东
李西廷,14100.0,医疗器械,迈瑞,广东深圳,先生,73,中国-安徽-宿州
党彦宝,13400.0,煤化工,宝丰,宁夏银川,先生,51,
徐航,13400.0,医疗器械、房地产,迈瑞、鹏瑞,广东深圳,先生,62,中国-广东-广州
郑家纯,13400.0,珠宝,周大福,香港,先生,76,中国-香港
郭台铭,13100.0,电子制造,鸿海,台湾台北,先生,74,中国-台湾-新北
吴光正,13100.0,房地产,会德丰,香港,先生,78,中国-上海
刘銮雄,12800.0,房地产,华人置业,香港,先生,73,中国-香港
黄世霖,12500.0,锂电池,宁德时代,福建宁德,先生,57,中国-福建-宁德
王兴,12500.0,生活服务,美团,北京,先生,45,中国-福建-龙岩
庞康,12300.0,调味品,海天味业,广东佛山,先生,68,中国-广东-佛山
杜纪川,12000.0,半导体,金士顿科技,美国洛杉矶,先生,83,中国-重庆
孙大卫,12000.0,半导体,金士顿科技,美国洛杉矶,先生,73,中国-台湾-台北
林立,11400.0,投资,立业,广东深圳,先生,61,中国-广东-河源
宗馥莉,11400.0,饮料,娃哈哈,浙江杭州,女士,未知,
吕志和,11300.0,博彩,银河,香港,先生,95,中国-香港
严彬,11300.0,饮料、地产,华彬,北京,先生,70,中国-河南-新乡
钟慧娟,10800.0,医药,翰森,江苏连云港,女士,63,
李泽楷,10600.0,电信,电讯盈科,香港,先生,58,中国-香港
蔡浩宇,10300.0,游戏,米哈游,上海,先生,37,中国-山东-济南
张聪渊,10100.0,鞋业,华利实业,广东中山,先生,76,中国-台湾-桃园
刘汉元,9860.0,新能源、农业,通威,四川成都,先生,60,中国-四川-眉山
林百里,9790.0,消费电子产品,广达电脑,台湾桃园,先生,75,中国-上海
刘永好,9720.0,农业、化工、金融,新希望,四川成都,先生,73,中国-四川-成都
蔡崇信,9580.0,电子商务、金融科技,阿里系,浙江杭州,先生,60,中国-台湾
陈东升,9440.0,保险,泰康,北京,先生,67,中国-湖北-荆门
项光达,9440.0,钢铁,青山控股,浙江温州,先生,66,中国-浙江-温州
于泳,9440.0,钼矿,鸿商产业,上海浦东,先生,未知,
张国华,9440.0,物流、钢铁,长荣集团,台湾台北,先生,69,中国-台湾-台北
邝肖卿,9370.0,房地产,新鸿基,香港,女士,95,中国-香港
孙飘扬,9150.0,医药,恒瑞,江苏连云港,先生,66,中国-江苏-镇江
周群飞,8940.0,电子器件制造,蓝思科技,湖南长沙,女士,54,中国-湖南-湘潭
王来胜,8870.0,消费电子,立讯精密,广东深圳,先生,60,中国-广东-汕头
徐浩宇,8870.0,医药,扬子江药业,江苏泰州,先生,52,中国-江苏-泰州
王来春,8730.0,消费电子,立讯精密,广东深圳,女士,57,中国-广东-汕头
朱保国,8730.0,医药,健康元,广东深圳,先生,62,中国-河南-新乡
龚虹嘉,8660.0,视频监控产品,海康威视,浙江杭州,先生,59,
岑均达,8590.0,医药,恒瑞、翰森,江苏连云港,先生,未知,
梁稳根,8450.0,重型机械,三一,北京,先生,68,中国-湖南-娄底
王玉锁,8450.0,天然气、能源化工,新奥,河北廊坊,先生,60,中国-河北-廊坊
陈天桥,8310.0,投资,盛大,上海浦东,先生,51,中国-浙江-绍兴
汪俊林,8310.0,白酒,郎酒,四川成都,先生,62,中国-四川-眉山
杜双华,8100.0,钢铁,日照钢铁,山东日照,先生,59,中国-河北-衡水
陈丽华,7750.0,房地产、紫檀博物馆,富华,北京,女士,83,中国-北京
李水荣,7750.0,化纤,荣盛控股,浙江杭州,先生,68,中国-浙江
张勇,7610.0,餐饮,海底捞,北京,先生,53,中国-四川-成都
李彦宏,7390.0,网络信息服务,百度,北京,先生,56,中国-山西-阳泉
曹仁贤,7320.0,光伏设备,阳光电源,安徽合肥,先生,56,中国-浙江-杭州
刘强东,7320.0,电子商务、金融,京东,北京,先生,50,中国-江苏-宿迁
林木勤,7180.0,食品饮料,东鹏饮料,广东深圳,先生,60,中国-广东-深圳
朱义,7180.0,医药,百利天恒,四川成都,先生,61,
汪立平,7040.0,高压油缸,恒立液压,江苏常州,先生,58,中国-江苏-无锡
许仰天,7040.0,电商,希音,广东广州,先生,40,山东-淄博
严昕,7040.0,基础设施建设,苏商,上海,女士,41,中国-江苏-淮安
林斌,6900.0,智能硬件与技术,小米,北京,先生,56,
罗立国,6900.0,硅材料,合盛,浙江宁波,先生,68,中国-浙江-宁波
吴亚军,6900.0,房地产,龙湖,北京,女士,60,中国-重庆
裴振华,6760.0,超净产品,天华超净,江苏苏州,先生,未知,
许世辉,6760.0,食品,达利食品,福建泉州,先生,67,中国-福建-泉州
蔡明兴,6480.0,金融服务,富邦,台湾台北,先生,67,中国-台湾
陈邦,6480.0,医疗服务,爱尔眼科,湖南长沙,先生,59,中国-湖南-长沙
黄楚龙,6340.0,房地产、投资,星河,广东深圳,先生,65,中国-广东-揭阳
李华,6340.0,房地产,卓越,广东深圳,先生,58,中国-四川
蔡明忠,6200.0,金融服务,富邦,台湾台北,先生,68,中国-台湾
谢青,6200.0,网路安全,飞塔,美国旧金山,先生,未知,中国-北京
李天颖,6130.0,房地产,新鸿基,香港,先生,未知,中国-香港
米高·嘉道理,6130.0,能源,中电,香港,先生,83,中国-香港
陈贤哲,6060.0,投资,北极星,台湾台北,先生,71,中国-台湾
张虔生,6060.0,工业品、房地产,日月光,台湾高雄,先生,80,中国-台湾
虞仁荣,5990.0,半导体,韦尔股份,上海浦东,先生,58,
蔡宏图,5920.0,金融服务,霖园,台湾台北,先生,72,中国-台湾
杨惠妍,5920.0,投资、房地产、教育,碧桂园,广东佛山,女士,43,中国-广东-佛山
沈国军,5850.0,零售、房地产、物流,银泰,北京,先生,62,中国-浙江-宁波
宋建波,5850.0,铝业、纺织、房地产,南山,山东烟台,先生,54,中国-山东-烟台
霍斯特·帕德威尔,5770.0,消费品,创科实业,香港,先生,79,中国-香港
鲁伟鼎,5770.0,汽车制造业、房地产、农业,万向,浙江杭州,先生,53,中国-浙江-杭州
其实,5770.0,信息服务,东方财富,上海徐汇,先生,54,中国-上海
阮立平,5770.0,插座,公牛,浙江宁波,先生,60,
方威,5700.0,碳素、钢铁、煤焦,方大,北京,先生,51,中国-辽宁-沈阳
蒋仁生,5700.0,疫苗,智飞生物,重庆,先生,71,中国-广西-桂林
阮学平,5700.0,插座,公牛,浙江宁波,先生,52,
朱孟依,5700.0,房地产、投资,合生创展,广东广州,先生,65,中国-广东-梅州
蔡衍明,5630.0,食品和饮料,旺旺,台湾台北,先生,67,中国-台湾-台北
丁世忠,5630.0,体育用品,安踏,福建厦门,先生,54,中国-福建-泉州
赖海民,5630.0,房地产,鸿荣源,广东深圳,先生,58,中国-广东-揭阳
刘伟,5630.0,游戏,米哈游,上海,先生,37,
苏海文,5630.0,物流,BW,香港,先生,83,奥地利
王旭宁,5560.0,小家电,JS环球生活,香港,先生,55,中国-北京
谢华,5490.0,网路安全,飞塔,美国旧金山,先生,未知,中国-北京
蔡政达,5420.0,金融服务,霖园,台湾台北,先生,未知,中国-台湾
李平,5420.0,锂电池,宁德时代,福建宁德,先生,56,
曾芳勤,5350.0,消费电子精密件,领益智造,广东江门,女士,59,
丁世家,5350.0,体育用品,安踏,福建厦门,先生,60,中国-福建-泉州
罗宇皓,5350.0,游戏,米哈游,上海,先生,37,
沈彬,5350.0,钢铁,沙钢,江苏苏州,未知,未知,中国-浙江-杭州
李小冬,5280.0,网络游戏、电商,冬海集团,新加坡,先生,46,
谢炳,5280.0,医药,中生制药,北京,先生,72,中国-广东-汕头
高德康,5210.0,服装,波司登,江苏苏州,先生,72,中国-江苏-苏州
马建荣,5210.0,纺织、服装,申洲针织,浙江宁波,先生,59,中国-浙江
修涞贵,5210.0,医药,修正药业,吉林长春,先生,69,中国-吉林
邬建树,5070.0,汽车零部件制造,拓普,浙江宁波,先生,60,中国-浙江-宁波
陈发树,5000.0,医药、零售、投资,新华都,福建福州,先生,63,中国-福建-泉州
黄如论,5000.0,房地产,世纪金源,北京,先生,73,中国-福建-福州
赖梅松,4930.0,物流,中通,上海青浦,先生,54,
汪滔,4930.0,无人机,大疆,广东深圳,先生,44,中国-浙江-杭州
张和君,4930.0,电器零部件制造,德业股份,浙江宁波,先生,72,
朱艳,4790.0,房地产服务,贝壳,北京,先生,53,中国-陕西-渭南
陈志列,4720.0,特种计算机,研祥,广东深圳,先生,61,中国-江苏-无锡
李想,4720.0,新能源汽车,理想汽车,北京,先生,43,
张忠谋,4720.0,半导体,台积电,台湾新竹,先生,93,中国-浙江-宁波
刘金成,4650.0,锂电池,亿纬锂能,广东惠州,先生,60,中国-湖北-武汉
张志祥,4650.0,钢铁、矿业、船运,建龙,北京,先生,57,中国-浙江-宁波
李革,4580.0,医药,药明康德,上海浦东,先生,57,中国-北京
林张素娥,4580.0,房地产、金融,联邦,台湾台北,先生,未知,
史玉柱,4580.0,金融、在线游戏、投资,巨人,上海松江,先生,62,中国-安徽-蚌阜
陈天石,4510.0,人工智能芯片,寒武纪,北京,先生,39,
何小鹏,4510.0,新能源汽车,小鹏汽车,广东广州,先生,47,中国-湖北-黄石
胡凯军,4510.0,医药,远大,北京,先生,62,
陈金霞,4440.0,医药、投资,涌金投资,上海浦东,女士,56,中国-上海
何超琼,4370.0,博彩,信德、美高梅中国,香港,女士,62,中国-香港
郭炳联,4300.0,房地产,新鸿基,香港,先生,72,中国-香港
郭基辉,4300.0,房地产,新鸿基,香港,先生,41,中国-香港
施永宏,4300.0,餐饮,海底捞,北京,先生,54,中国-四川-成都
程雪,4230.0,调味品,海天味业,广东佛山,女士,54,中国-江苏-盐城
董建成,4230.0,运输,东方海外,香港,先生,81,中国-上海
林建华,4230.0,光伏材料,福斯特,浙江杭州,先生,62,中国-福建
刘益谦,4230.0,投资,新理益,上海浦东,先生,61,中国-上海
沈南鹏,4230.0,投资,红杉,北京,先生,57,中国-浙江-嘉兴
杨建文,4230.0,工业产品,伯恩光学,香港,先生,71,中国-香港
易峥,4230.0,软件,同花顺,浙江杭州,先生,54,中国-北京
陈凯旋,4150.0,日化用品,立白,广东广州,先生,66,中国-广东-揭阳
辜仲立,4150.0,金融服务,中信金控,台湾台北,先生,57,中国-台湾-台北
蔡奎,4080.0,房地产,龙湖,北京,先生,63,中国-四川-资阳
蔡志明,4080.0,玩具,旭日国际,香港,先生,79,中国-广东-揭阳
米恩华,4080.0,地产、畜牧,华凌工贸,新疆乌鲁木齐,先生,66,中国-山东-泰安
王健林,4080.0,房地产、文化,万达,北京,先生,70,中国-四川-绵阳
吴向东,4080.0,酒业、投资,华泽,北京,先生,54,中国-湖南-株洲
杨绍鹏,4080.0,航运,海丰,香港,先生,68,中国-山东-青岛
尤小平,4080.0,化工、铝业、投资,华峰,浙江温州,先生,66,中国-浙江-温州
蔡明介,4010.0,半导体,联发科技,台湾新竹,先生,74,中国-台湾
陈华,4010.0,房地产、投资,京基,广东深圳,先生,58,中国-广东-湛江
郭广昌,4010.0,投资,复星,上海黄浦,先生,57,中国-浙江-金华
赵涛,4010.0,医药,步长,北京,先生,58,中国-陕西-西安
钭正刚,3940.0,能源、化工,锦江,浙江杭州,先生,71,中国-浙江
李华,3940.0,金融服务,富途,香港,先生,46,
孙广信,3940.0,汽车销售、能源、房地产,广汇,新疆乌鲁木齐,先生,62,中国-新疆-乌鲁木齐
徐旭东,3940.0,金融服务,远东,台湾新北,先生,83,中国-上海
王宁,3870.0,玩具,泡泡玛特,北京,先生,37,中国-河南-新乡
李贤义,3800.0,玻璃,信义,香港,先生,72,中国-福建-泉州
涂辉龙,3800.0,商业、金融、地产,海雅,广东深圳,先生,65,中国-广东-汕尾
朱鼎健,3800.0,房地产,观澜湖,广东深圳,先生,50,中国-香港
梁庆德,3730.0,家电,格兰仕,广东佛山,先生,87,中国-广东-佛山
夏佐全,3730.0,汽车、充电电池,比亚迪,广东深圳,先生,61,中国-湖北-襄阳
叶澄海,3730.0,医药,信立泰,广东深圳,先生,81,中国-广东-梅州
江南春,3660.0,数字新媒体、投资,分众传媒,上海长宁,先生,51,中国-上海
李振国,3660.0,硅材料,隆基,陕西西安,先生,56,中国-河南-许昌
林陈海,3660.0,房地产,宝佳,台湾新北,先生,未知,中国-台湾-台北
林鸿南,3660.0,投资,宏泰,台湾台北,先生,57,中国-台湾
刘克振,3660.0,电脑产品,研华,台湾台北,先生,70,中国-台湾
张磊,3660.0,投资,高瓴资本,美国纽约,先生,52,中国-河南-驻马店
李春安,3590.0,硅材料,隆基,陕西西安,先生,56,中国-甘肃-兰州
缪汉根,3590.0,印染、化纤、房地产,盛虹,江苏苏州,先生,59,中国-江苏-苏州
叶国富,3590.0,新零售,名创优品,广东广州,先生,47,中国-湖北-十堰
余竹云,3590.0,绿色建材、新能源,中环新能源,安徽合肥,先生,51,中国-浙江-衢州
喻会蛟,3590.0,物流,圆通速递,上海青浦,先生,55,中国-浙江
周建平,3590.0,服装、投资,海澜,江苏无锡,先生,63,中国-江苏-无锡
曹德旺,3520.0,玻璃,福耀玻璃,福建福州,先生,78,中国-福建-福州
杜江涛,3520.0,煤化工、电力、运输,君正,内蒙古乌海,先生,55,中国-内蒙古-乌海
缪寿良,3520.0,房地产、水电,富源,广东深圳,先生,69,中国-广东
彭铁缆,3520.0,企业服务,博深集团,湖南长沙,先生,未知,中国-湖南-长沙
宋涛,3520.0,游戏,米哈游,上海,先生,48,
严建亚,3450.0,生物科技,巨子生物,陕西西安,先生,58,
袁征,3450.0,视频软件,zoom,美国旧金山,先生,54,中国-山东
郭金树,3380.0,煤炭、路桥、房地产,汇能,内蒙古鄂尔多斯,先生,73,中国-内蒙古-鄂尔多斯
姜滨,3380.0,声学及多媒体产品,歌尔股份,山东潍坊,先生,58,中国-山东-威海
许家彰,3380.0,化工,奇美,台湾台南,先生,未知,
姚良松,3380.0,橱柜,欧派家居,广东广州,先生,60,中国-广东-梅州
朱共山,3380.0,太阳能芯片、发电厂,协鑫,香港,先生,66,中国-江苏-盐城
曹其峰,3310.0,杂货,永新,香港,先生,78,中国-香港
张茵,3310.0,环保造纸,玖龙纸业,广东东莞,女士,67,中国-广东-韶关
郑崇华,3310.0,半导体,台达电子,台湾台北,先生,88,中国-福建-南平
陈大年,3240.0,上网平台,掌门科技,上海浦东,先生,46,中国-浙江-绍兴
廖龙星,3240.0,化工,长春,台湾台北,先生,未知,中国-台湾
林书鸿,3240.0,化工,长春,台湾台北,先生,96,中国-台湾
王麒诚,3240.0,文化传媒、投资,汉鼎宇佑,浙江杭州,先生,44,中国-浙江-杭州
徐波,3240.0,网络游戏,多益网络,广东广州,先生,47,
许荣茂,3240.0,投资、房地产,世茂,上海黄浦,先生,74,中国-福建-泉州
郑正,3240.0,化工,长春,台湾台北,先生,未知,中国-台湾
董经贵,3170.0,电动车,雅迪,江苏无锡,先生,54,
刘炽平,3170.0,互联网服务,腾讯,广东深圳,先生,51,中国-北京
茅理翔,3170.0,厨具,方太厨具,浙江宁波,先生,83,中国-浙江-宁波
孙纪木,3170.0,钢铁,新华联合冶金,河北沧州,先生,68,中国-浙江-绍兴
吴光明,3170.0,医疗设备,鱼跃医疗,江苏镇江,先生,62,中国-江苏-镇江
尹衍梁,3170.0,建筑开发、金融保险,润泰,台湾台北,先生,74,中国-台湾-台北
张红超,3170.0,餐饮,蜜雪冰城,河南郑州,先生,46,中国-河南-商丘
张红甫,3170.0,餐饮,蜜雪冰城,河南郑州,先生,39,中国-河南-商丘
赵燕,3170.0,生物医药、房地产,华熙国际,北京,女士,57,中国-云南-昆明
郑坚江,3170.0,家电、房地产,奥克斯,浙江宁波,先生,63,中国-浙江-宁波
朱林瑶,3170.0,香精香料、烟草,华宝国际,广东深圳,女士,54,中国-四川
蔡镇宇,3100.0,金融服务,宝丰隆,台湾台北,先生,71,中国-台湾-台北
崔根良,3100.0,电缆、热能电力、投资,亨通,江苏苏州,先生,66,中国-江苏-苏州
郭建军,3100.0,煤炭、路桥、房地产,汇能,内蒙古鄂尔多斯,先生,未知,
罗才仁,3100.0,橡胶,正新橡胶,台湾彰化,先生,71,中国-台湾-彰化
郭梅兰,3030.0,医药、电子新材料,东阳光,广东深圳,女士,未知,
薛敏,3030.0,医疗设备,联影医疗,上海嘉定,先生,未知,
赵藤雄,3030.0,房地产,远雄,台湾台北,先生,80,中国-台湾
陈永泰,2960.0,办公家具、房地产,震旦,台湾台北,先生,88,中国-台湾-台北
仇建平,2960.0,工具制造,巨星科技,浙江杭州,先生,62,中国-浙江-杭州
马维建,2960.0,金融服务,元大,台湾台北,先生,未知,
郭恩元,2890.0,钢铁、煤化工,普阳钢铁,河北邯郸,先生,76,中国-河北-邯郸
冷友斌,2890.0,乳业,中国飞鹤,北京,先生,55,中国-黑龙江-黑河
宿华,2890.0,传媒娱乐,快手科技,北京,先生,42,中国-湖南
叶刚,2890.0,网络游戏、电商,冬海集团,新加坡,先生,43,
张道才,2890.0,工业设备、汽车零部件、房地产,三花控股,浙江绍兴,先生,74,中国-浙江-绍兴
黄柏年,2820.0,房地产,外滩中心,上海,先生,68,印尼
倪祖根,2820.0,小家电,莱克电气,江苏苏州,先生,67,中国-江苏-苏州
潘政民,2820.0,消费电子精密件,瑞声科技,广东深圳,先生,57,中国-江苏
彭国远,2820.0,教育、房地产,心里程,广东深圳,先生,38,中国-广东-汕尾
许家印,2820.0,投资、房地产,恒大,广东广州,先生,66,中国-河南-周口
杨致远,2820.0,投资,雅虎,美国,先生,56,中国-台湾-台北
张峻,2820.0,保险,富德,广东深圳,先生,未知,中国-广东-揭阳
张兴海,2820.0,汽车、汽车零配件,小康控股,重庆,先生,61,中国-重庆
胡柏藩,2750.0,医药,新和成,浙江绍兴,先生,62,中国-浙江-绍兴
黄光苗,2750.0,房地产,中洲,广东深圳,先生,55,中国-广东-汕头
林敏雄,2750.0,房地产,元利,台湾台北,女士,74,
阮洪良,2750.0,光伏材料,福莱特,浙江嘉兴,先生,63,中国-浙江
王伟修,2750.0,通信设备,中际旭创,山东烟台,先生,74,中国-山东
薛华,2750.0,饲料,海大,广东广州,先生,54,
张剑,2750.0,电动自行车,爱玛,天津,先生,55,中国-河南-商丘
周超男,2750.0,软件与信息技术服务,润泽科技,河北廊坊,先生,64,中国-湖南-衡阳
曹龙祥,2680.0,医药,济川控股,江苏泰州,先生,67,
陈泰铭,2680.0,电子制造、收藏,国巨,台湾台北,先生,68,中国-台湾-台南
范现国,2680.0,食品与饮料,今麦郎,河北邢台,先生,64,中国-河北-邢台
李赶坡,2680.0,钢铁,敬业,河北石家庄,先生,75,中国-河北
李义海,2680.0,医药,济民可信,江西南昌,先生,61,中国-江西-南昌
廖汤慧霭,2680.0,房地产,纪惠,香港,女士,76,中国-香港
王正华,2680.0,航空,春秋航空,上海长宁,先生,80,中国-上海
吴以岭,2680.0,医药,以岭,河北石家庄,先生,75,中国-河北-衡水
项光通,2680.0,钢铁,青山控股,浙江温州,先生,未知,中国-浙江-温州
周晓萍,2680.0,汽车灯具,星宇股份,江苏常州,女士,63,中国-江苏-常州
曾小山,2610.0,铝业,曾氏企业,湖南长沙,先生,79,中国-湖南-邵东
陈志平,2610.0,电子烟,思摩尔,广东深圳,先生,48,
傅利泉,2610.0,软件、电子通讯产品,大华技术,浙江杭州,先生,57,中国-浙江-杭州
黄敏利,2610.0,休闲沙发,敏华,香港,先生,59,中国-福建-泉州
黄文仔,2610.0,房地产、投资,星河湾,广东广州,先生,71,中国-广东-广州
简军,2610.0,生物制药,爱美客,北京,女士,61,中国-北京
梁光伟,2610.0,投资,华强,广东深圳,先生,61,中国-浙江-台州
谢伟通,2610.0,有色金属,华友钴业,浙江嘉兴,先生,67,中国-台湾
许邦福,2610.0,电子元件,华城电机,台湾桃园,未知,未知,中国-浙江-宁波
张双旺,2610.0,煤炭,伊泰,内蒙古鄂尔多斯,先生,81,中国-内蒙古-鄂尔多斯
张文中,2610.0,零售,物美,北京,先生,62,中国-山东
季琦,2540.0,连锁酒店,华住,上海闵行,先生,58,中国-江苏-南通
靳保芳,2540.0,光伏,晶澳科技,河北邢台,先生,72,中国-河北-邢台
李洪信,2540.0,造纸,太阳纸业,山东济宁,先生,71,中国-福建
毛文超,2540.0,生活服务平台、电商,小红书,上海,未知,未知,中国-四川-绵阳
王俊民,2540.0,医药,海思科,西藏山南,先生,56,中国-辽宁
王树华,2540.0,钢铁,冀南钢铁,河北邯郸,先生,未知,
翁先定,2540.0,医疗器械,新产业,广东深圳,先生,63,
阎志,2540.0,房地产、投资,卓尔,湖北武汉,先生,52,中国-湖北-黄冈
杨卫东,2540.0,化工,卫星石化,浙江嘉兴,先生,56,中国-浙江
张力,2540.0,投资、房地产,富力地产,广东广州,先生,71,中国-广东-广州
张松桥,2540.0,投资、房地产,中渝,香港,先生,60,中国-重庆
周泽荣,2540.0,房地产、投资,侨鑫,广东广州,先生,70,中国-广东-汕头
蒋卫平,2460.0,锂矿,天齐锂业,四川遂宁,先生,69,中国-四川-成都
潘石屹,2460.0,投资、房地产,SOHO中国,北京,先生,61,中国-甘肃-天水
唐彬森,2460.0,饮料,元气森林,北京,先生,42,中国-安徽-合肥
阳萌,2460.0,电子商务,安克,湖南长沙,先生,42,
张静章,2460.0,注塑机,海天国际,浙江宁波,先生,87,中国-浙江-宁波
安康,2390.0,生物制药,华兰生物,河南新乡,先生,75,中国-河南-新乡
黄立,2390.0,电子制造,高德电气,湖北武汉,先生,61,中国-陕西-西安
黄茂如,2390.0,投资、房地产,茂业,广东深圳,先生,59,中国-广东-潮州
蒋业华,2390.0,房地产,华宇,重庆,先生,61,中国-重庆
林耀英,2390.0,电子元件,大立光,台湾台北,先生,91,
戚振波,2390.0,新零售,美腕,上海,先生,未知,
钱东奇,2390.0,机器人,科沃斯,江苏苏州,先生,66,中国-江苏-南京
肖永明,2390.0,矿产,藏格矿业,青海格尔木,先生,60,中国-四川-资阳
邢李㷧,2390.0,投资,思捷环球,香港,先生,75,中国-香港
张帆,2390.0,半导体芯片,汇顶科技,广东深圳,先生,59,中国-四川-成都
张宏伟,2390.0,能源、零售,东方,北京,先生,70,中国-黑龙江-哈尔滨
周胜馥,2390.0,货运物流,拉拉科技,广东深圳,先生,47,
邹支农,2390.0,通信设备,天孚通信,江苏苏州,先生,56,
蔡东晨,2320.0,医药,石药,河北石家庄,先生,71,中国-河北-石家庄
陈凯臣,2320.0,日化用品,立白,广东广州,先生,未知,中国-广东-揭阳
邓伟明,2320.0,工业产品,中伟股份,湖南长沙,先生,56,中国-湖南-长沙
利约翰,2320.0,能源,中电,香港,先生,70,
邵钦祥,2320.0,工业制造、房地产,花园,浙江金华,先生,70,中国-浙江-金华
王华君,2320.0,包装,裕同包装,广东深圳,先生,54,中国-江西-九江
王文京,2320.0,软件与信息服务,用友,北京,先生,60,中国-江西-上饶
王希成,2320.0,轮胎,玲珑轮胎,山东烟台,先生,76,中国-山东
吴少勋,2320.0,保健酒,劲牌,湖北黄石,先生,68,中国-湖北-黄石
徐乘,2320.0,食品,徐福记,广东东莞,先生,72,中国-台湾-台北
虞锋,2320.0,投资,云锋基金,上海徐汇,先生,61,中国-上海
张万镇,2320.0,通信部件、电子元器件,三环,广东潮州,先生,75,中国-广东-潮州
陈爱莲,2250.0,智能制造、投资,万丰,浙江绍兴,先生,66,中国-浙江-绍兴
陈明永,2250.0,消费电子产品,OPPO,广东东莞,先生,55,中国-四川-达州
陈谭庆芬,2250.0,房地产,恒隆,香港,先生,未知,
冯海良,2250.0,铜加工、投资,海亮,浙江绍兴,先生,64,中国-浙江
葛卫东,2250.0,投资,混沌投资,上海浦东,先生,55,
梁绍鸿,2250.0,房地产,大鸿辉,香港,先生,72,中国-香港
穆荣均,2250.0,生活服务,美团,北京,先生,44,
彭蕾,2250.0,电子商务、金融科技,阿里系,浙江杭州,先生,53,
伍步高,2250.0,银行业,永隆,香港,先生,80,中国-香港
程一笑,2180.0,传媒娱乐,快手科技,北京,先生,39,
李丐腾,2180.0,小家电,飞科电器,上海松江,先生,52,中国-浙江-温州
林明成,2180.0,金融服务,华南金控,台湾台北,先生,81,中国-台湾
罗家宝,2180.0,房地产,百乐,香港,先生,75,
吴冠江,2180.0,疫苗,智飞生物,重庆,先生,56,中国-四川-乐山
谢良志,2180.0,生物制药,神州,北京,先生,58,
张荣华,2180.0,钢铁,荣程,天津,女士,55,中国-天津
周鸿祎,2180.0,网络信息服务,三六零安全科技,北京,先生,54,中国-湖北-黄冈
蔡东青,2110.0,动漫,奥飞娱乐,广东汕头,先生,55,中国-广东-汕头
黄绍武,2110.0,投资,神州通,广东深圳,先生,54,中国-江西-九江
李留法,2110.0,水泥、铝业,天瑞,河南平顶山,先生,65,中国-河南-平顶山
倪永培,2110.0,白酒,迎驾,安徽六安,先生,72,中国-安徽-六安
任元林,2110.0,造船,扬子江船业,江苏无锡,先生,71,中国-江苏-无锡
王水福,2110.0,电梯、锅炉、房地产,西子联合控股,浙江杭州,先生,69,中国-浙江-杭州
魏应州,2110.0,食品和饮料,顶新,天津,先生,70,中国-台湾
许昆泰,2110.0,消费电子产品,蓝天,台湾台北,先生,68,中国-台湾
张雷,2110.0,风电,远景能源,江苏无锡,先生,48,中国-江苏-无锡
赵丰刚,2110.0,锂电池,宁德时代,福建宁德,先生,58,
池宇峰,2040.0,网游、影视娱乐,完美世界,北京,先生,53,中国-湖北
高纪凡,2040.0,光伏产品,天合光能,江苏常州,先生,59,
李锂,2040.0,医药,海普瑞,广东深圳,先生,60,中国-四川-眉山
李如成,2040.0,服装、房地产、投资,雅戈尔,浙江宁波,先生,73,中国-浙江-绍兴
林刚,2040.0,医药,康哲药业,广东深圳,先生,60,中国-广东
聂腾云,2040.0,物流,韵达,上海青浦,先生,48,
戚金兴,2040.0,房地产,滨江,浙江杭州,先生,62,中国-浙江
沈炜,2040.0,消费电子产品,VIVO,广东东莞,先生,未知,
侯军呈,1970.0,化妆品,珀莱雅,浙江杭州,先生,60,中国-浙江-温州
南存辉,1970.0,工业电器、投资,正泰,浙江温州,先生,61,中国-山东-济宁
潘来灿,1970.0,调味品,海天味业,广东佛山,先生,未知,
汪建,1970.0,基因检测、医疗大数据,华大基因、碳云,广东深圳,先生,70,中国-湖南
王燕清,1970.0,自动化设备,先导智能,江苏无锡,先生,58,中国-江苏-无锡
王一鸣,1970.0,光伏逆变器,锦浪科技,浙江宁波,先生,43,
王长田,1970.0,影视娱乐,光线传媒,北京,先生,59,中国-辽宁-大连
魏应充,1970.0,食品和饮料,顶新,天津,先生,67,中国-台湾
魏应交,1970.0,食品和饮料,顶新,天津,先生,69,中国-台湾
魏应行,1970.0,食品和饮料,顶新,天津,先生,65,中国-台湾
吴凯,1970.0,锂电池,宁德时代,福建宁德,先生,56,
吴礼淦,1970.0,印制电路板,沪电股份,上海,先生,83,中国-台湾
叶立培,1970.0,投资、房地产,仲盛,上海闵行,先生,80,中国-上海
易大盛,1970.0,汽车服务，产业园区,富兴,湖南长沙,先生,63,
俞敏洪,1970.0,教育,新东方,北京,先生,62,中国-江苏-无锡
周永利,1970.0,轻纺、房地产、投资,永利,浙江绍兴,先生,68,中国-浙江-绍兴
竺兆江,1970.0,消费电子产品,传音,广东深圳,先生,51,
卓志哲,1970.0,半导体,联发科技,台湾新竹,先生,未知,中国-台湾-鹿港
邓鸿,1900.0,投资、房地产,成都环球世纪,四川成都,先生,61,中国-四川
董凡,1900.0,生物医疗设备,健帆生物,广东珠海,先生,54,
方文雄,1900.0,房地产,协成行,香港,先生,未知,中国-广东-东莞
何猷龙,1900.0,博彩,新濠国际,香港,先生,48,中国-香港
焦佑伦,1900.0,半导体,华新丽华,台湾台北,先生,66,
林秀成,1900.0,LED,三安,福建厦门,先生,69,中国-福建-泉州
刘卫平,1900.0,食品,卫龙,河南漯河,先生,45,中国-湖南-平江
刘志强,1900.0,房地产、金融,香江,广东深圳,先生,60,中国-广东
沈锡强,1900.0,化工新材料,雅克科技,江苏无锡,先生,76,中国-江苏-无锡
汪建国,1900.0,电子商务、儿童用品连锁,五星投资,江苏南京,先生,64,中国-江苏-苏州
王世忠,1900.0,工业机械,亚德客,台湾台北,先生,未知,中国-台湾
伍伟国,1900.0,餐饮,美心,香港,先生,54,中国-香港
肖安江,1900.0,钛合金、保温容器,五江轻化,湖南长沙,先生,61,中国-湖南-娄底
肖自江,1900.0,钛合金、保温容器,五江轻化,湖南长沙,先生,74,中国-湖南-娄底
许树根,1900.0,机械制造,鼎力,浙江湖州,先生,59,中国-浙江
袁富根,1900.0,精密铸件,东山精密,江苏苏州,先生,74,中国-江苏-苏州
袁志伦,1900.0,矿业,博赛矿业,重庆,先生,60,中国-重庆
陈世卿,1830.0,电子元件,大立光,台湾台北,先生,75,中国-台湾-台北
陈一丹,1830.0,互联网服务,腾讯,广东深圳,先生,53,中国-广东-深圳
崔立新,1830.0,有色金属,创新集团,山东滨州,先生,未知,
崔鹏,1830.0,生物科技,菲鹏生物,广东深圳,先生,47,
黄达文,1830.0,硅材料,合盛,浙江宁波,先生,64,中国-香港
兰春,1830.0,教育、生物医药、房地产、投资,新英才,北京,先生,58,
李良彬,1830.0,有色金属冶炼加工,赣锋锂业,江西新余,先生,57,中国-江西-宜春
李卫国,1830.0,防水材料,东方雨虹,北京,先生,59,中国-湖南-常德
李仙德,1830.0,太阳能,晶科能源,江西上饶,先生,49,
李湘平,1830.0,石油化工,东明石化,山东菏泽,先生,未知,
梁允超,1830.0,保健品,汤臣倍健,广东珠海,先生,55,中国-湖北-武汉
刘革新,1830.0,制药、医药流通,科伦药业,四川成都,先生,73,中国-湖北
尚吉永,1830.0,轮胎、电缆、化工,万达控股,山东东营,先生,56,中国-山东
苏素玉,1830.0,房地产、投资,联美,广东汕头,先生,76,中国-广东-汕头
王均金,1830.0,房地产、航空、零售,均瑶,上海徐汇,先生,56,
王秋雄,1830.0,服装,丰泰,台湾斗六,先生,81,中国-台湾
吴绪顺,1830.0,网络游戏,三七互娱,广东广州,先生,76,中国-安徽-芜湖
谢秉昆,1830.0,珠光材料,坤彩科技,福建福州,先生,58,
许冉,1830.0,钛白粉,龙佰,河南焦作,未知,未知,
张国炜,1830.0,航空,星宇航空,台湾台北,先生,未知,
周敬良,1830.0,饮料,景田,广东深圳,先生,74,中国-海南-海口
朱兴明,1830.0,工业自动化产品,汇川技术,广东深圳,先生,57,中国-湖南
蔡华波,1760.0,半导体,江波龙,广东深圳,先生,48,
丁立国,1760.0,钢铁、天然气,德龙,上海,先生,54,中国-河北-任丘
丁雅丽,1760.0,体育用品,安踏,福建厦门,先生,未知,中国-福建-泉州
董伟,1760.0,医药,恒瑞,江苏连云港,先生,53,
洪锋,1760.0,智能硬件与技术,小米,北京,先生,未知,
雷菊芳,1760.0,医药,奇正藏药,西藏林芝,女士,71,中国-甘肃-定西
李非列,1760.0,有色金属、钢铁、物流,飞尚,广东深圳,先生,58,中国-北京
李妙行,1760.0,食品,老干妈,贵州贵阳,先生,未知,
李伟,1760.0,食品、房地产,千味央厨,河南郑州,先生,56,中国-河南
梁亮胜,1760.0,日化、投资,丝宝,香港,先生,73,中国-广东-梅州
林聪吉,1760.0,五金配件,川湖科技,台湾高雄,未知,未知,
吕慧,1760.0,钢铁、铁矿石进出口、房地产,嘉鑫,香港,先生,75,
邱光和,1760.0,服装,森马,浙江温州,先生,73,中国-浙江-温州
任正非,1760.0,消费电子、电讯,华为,广东深圳,先生,80,中国-贵州-安顺
唐金奎,1760.0,印染、化纤、房地产,盛虹,江苏苏州,先生,69,中国-江苏-苏州
徐新,1760.0,投资,今日资本,上海浦东,先生,58,
许景南,1760.0,体育用品,匹克,福建泉州,先生,69,中国-福建-泉州
闫希军,1760.0,医药,天士力,天津,先生,71,中国-甘肃-庆阳
严陈莉莲,1760.0,汽车销售,裕隆,台湾新北,女士,59,中国-台湾
俞发祥,1760.0,基础设施建设、房地产,祥源控股,浙江绍兴,先生,53,中国-浙江-绍兴
袁志敏,1760.0,化工塑料,金发科技,广东广州,先生,63,中国-四川
张洪本,1760.0,工业品、房地产,日月光,台湾高雄,先生,78,中国-台湾
赵立新,1760.0,CMOS图像传感器,格科微,上海,先生,58,
龚俊龙,1690.0,房地产、投资,恒裕,广东深圳,先生,65,中国-广东-汕尾
黄江吉,1690.0,智能硬件与技术,小米,北京,先生,未知,
黄毅,1690.0,汽车销售,中升控股,辽宁大连,先生,61,
金惠明,1690.0,房地产,大华,上海宝山,先生,71,中国-上海
赖建法,1690.0,快递,中通,上海青浦,先生,55,
黎万强,1690.0,智能硬件与技术,小米,北京,先生,47,中国-广东
李贵山,1690.0,食品,老干妈,贵州贵阳,先生,未知,
刘锋,1690.0,钢铁,永锋,山东济南,先生,54,中国-山东
陆地,1690.0,无人机,大疆,广东深圳,先生,未知,
孟庆山,1690.0,食用调味品,梅花,河北廊坊,先生,76,中国-河北
瞿芳,1690.0,生活服务平台、电商,小红书,上海,未知,未知,
王瀚,1690.0,房地产、航空、零售,均瑶,上海徐汇,先生,37,
王林祥,1690.0,羊绒、煤电、冶金、房地产,鄂尔多斯,内蒙古鄂尔多斯,先生,73,中国-内蒙古-包头
温鹏程,1690.0,家禽养殖畜牧,温氏食品,广东云浮,先生,62,中国-广东-云浮
徐金富,1690.0,化学原料制品,天赐材料,广东广州,先生,60,中国-广东-广州
徐宇,1690.0,服装,赫基国际,广东广州,先生,52,中国-广东-广州
徐振华,1690.0,游戏,沐瞳科技,上海,先生,45,中国-上海
杨雪岗,1690.0,煤炭、化工,旭阳,北京,先生,59,中国-河北-邢台
叶国一,1690.0,电脑产品,英业达,台湾台北,先生,83,中国-台湾
周耀庭,1690.0,服装、橡胶轮胎、房地产,红豆,江苏无锡,先生,81,中国-江苏-无锡
祝文宇,1690.0,房地产,爱山林,台湾台北,未知,未知,
陈琼香,1620.0,锂电池,宁德时代,福建宁德,先生,未知,
方洪波,1620.0,家电制造,美的,广东佛山,先生,57,中国-安徽-安庆
洪杰,1620.0,涂料,三棵树,福建莆田,先生,57,
胡荣达,1620.0,化工,三美化工,浙江金华,先生,65,中国-浙江
黄联禧,1620.0,建材家居,联塑,广东佛山,先生,61,中国-广东-佛山
黄山,1620.0,金融软件,财富趋势,广东深圳,先生,54,中国-湖北-武汉
黄世再,1620.0,房地产,大中华地产,广东深圳,先生,73,中国-广东-揭阳
姜银台,1620.0,汽车内饰,岱美股份,上海浦东,先生,74,
赖建平,1620.0,调味品,海天味业,广东佛山,先生,未知,
吕义雄,1620.0,化妆品,上美,上海,先生,47,中国-广东-汕头
马秀慧,1620.0,节能灯,欧普照明,上海闵行,先生,53,
齐向东,1620.0,网络安全,奇安信,北京,先生,59,
邱文生,1620.0,消费电子,华勤技术,上海浦东,先生,未知,
任道德,1620.0,保险,泰康,北京,先生,64,
吴映明,1620.0,锂电池,宁德时代,福建宁德,先生,57,
俞熔,1620.0,医疗服务,美年健康,上海静安,先生,53,
袁江涛,1620.0,半导体,嘉立创,广东深圳,先生,未知,
曾万辉,1550.0,电子器件制造,景嘉微,湖南长沙,先生,56,中国-湖南
何著胜,1550.0,耐火材料、钢铁、矿业,后英,辽宁鞍山,先生,77,中国-辽宁
贺正刚,1550.0,矿产、化工,和邦股份,四川乐山,先生,70,
胡兴荣,1550.0,贸易、房地产,多弗,北京,先生,43,中国-浙江-温州
李力,1550.0,医疗服务,爱尔眼科,湖南长沙,先生,59,中国-湖南-长沙
李明,1550.0,投资、有色金属,亚特,甘肃陇南,先生,56,中国-甘肃-陇南
刘洪林,1550.0,化工、铜加工、电线电缆,三木,江苏无锡,先生,73,中国-江苏-无锡
梅志明,1550.0,物流地产、投资,普洛斯,上海浦东,先生,52,
汪顾亦珍,1550.0,工业产品,德昌电机,香港,先生,107,中国-香港
王剑峰,1550.0,汽车零部件制造,均胜投资,浙江宁波,先生,54,
王文默,1550.0,体育用品,安踏,福建厦门,先生,68,中国-福建
吴尚志,1550.0,投资,鼎晖,北京,先生,74,中国-北京
项光明,1550.0,垃圾发电,伟明环保,浙江温州,先生,61,中国-浙江-温州
许晨晔,1550.0,互联网服务,腾讯,广东深圳,先生,53,
许英灼,1550.0,饲料,海大,广东广州,先生,59,中国-广东-潮州
严健军,1550.0,信息、金融、投资,致达,上海静安,先生,59,中国-浙江-宁波
姚奎章,1550.0,饮料,养元饮品,河北衡水,先生,59,
郁国祥,1550.0,投资,乐游科技,上海,先生,54,
张宁,1550.0,化工原料,彤程新材,上海浦东,女士,50,
章小华,1550.0,水泥,红狮控股,浙江金华,先生,56,
赵绪龙,1550.0,SaaS解决方案,迈富时,上海静安,未知,未知,中国-浙江-杭州
郑春颖,1550.0,化妆品,伽蓝,上海,先生,未知,中国-辽宁-辽阳
周宗文,1550.0,珠宝,周大生,广东深圳,先生,67,
蔡镇球,1480.0,金融服务,霖园,台湾台北,先生,59,中国-台湾-台北
昌敬,1480.0,智能机器人,石头科技,北京,先生,42,
陈先保,1480.0,农副食品加工业,华泰,安徽合肥,先生,65,中国-安徽-合肥
成正辉,1480.0,医疗器械,惠泰医疗,广东深圳,先生,60,中国-广东-深圳
董才平,1480.0,钢铁、投资,中天钢铁,江苏常州,先生,61,中国-江苏-常州
甘忠如,1480.0,生物制药,甘李药业,北京,先生,76,
何旗,1480.0,钢铁贸易,均和,上海浦东,先生,42,
黄巧灵,1480.0,旅游、房地产,宋城,浙江杭州,先生,66,中国-浙江
柯尊洪,1480.0,制药,康弘药业,四川成都,先生,70,中国-四川-雅安
陆昂,1480.0,投资、拍卖,嘉德,北京,女士,61,
罗智先,1480.0,食品和饮料,统一,台湾台南,先生,68,中国-台湾-台南
蒲忠杰,1480.0,医疗设备,乐普,北京,先生,61,
王明旺,1480.0,电子部件,欣旺达,广东深圳,先生,57,中国-广东-茂名
王维,1480.0,企业服务,行云集团,广东深圳,先生,43,中国-上海
王雪红,1480.0,半导体,宏达,台湾桃园,先生,66,中国-台湾-新北
许连捷,1480.0,个人护理用品,恒安,福建泉州,先生,71,中国-福建-泉州
薛向东,1480.0,软件与信息服务,东华软件,北京,先生,65,中国-山东-泰安
叶小平,1480.0,医药,泰格医药,浙江杭州,先生,61,中国-浙江-嘉兴
余凯,1480.0,智能芯片,地平线,北京,先生,未知,
袁仲雪,1480.0,轮胎,赛轮轮胎,山东青岛,先生,69,
张邦鑫,1480.0,教育,好未来,北京,先生,44,中国-江苏
张传卫,1480.0,新能源,明阳智能,广东中山,先生,62,中国-河南-信阳
张毓强,1480.0,房地产、矿产,振石控股,浙江嘉兴,先生,69,中国-浙江-嘉兴
陈康平,1410.0,太阳能,晶科能源,江西上饶,先生,51,
程维,1410.0,生活服务平台,滴滴出行,北京,先生,41,中国-江西-上饶
邓耀,1410.0,服装与配饰,百丽,香港,先生,90,中国-香港
段永平,1410.0,投资,步步高,美国,先生,63,中国-江西-南昌
顾伟,1410.0,消费电子产品,兆驰股份,广东深圳,先生,59,中国-江西-南昌
胡应湘,1410.0,房地产、建筑工程,合和实业,香港,先生,89,中国-香港
黄宏生,1410.0,家用电器,创维,广东深圳,先生,68,中国-海南-临高
李国宝,1410.0,银行业,东亚银行,香港,先生,85,伦敦
李家权,1410.0,钛白粉、磷化工,龙蟒,四川成都,先生,61,中国-四川
李建全,1410.0,医疗用品,稳健医疗,广东深圳,先生,67,
李金阳,1410.0,金矿,赤峰黄金,内蒙古赤峰,女士,未知,
李宁,1410.0,体育用品、投资,李宁,北京,先生,61,中国-广西-来宾
李仲初,1410.0,软件与信息服务,石基,北京,先生,61,中国-湖南-娄底
励民,1410.0,集成电路,瑞芯微,福建福州,先生,59,
林定强,1410.0,房地产,金辉,北京,先生,58,中国-福建-福州
刘方毅,1410.0,医疗器械,英科医疗,山东淄博,先生,54,
秦龙,1410.0,轮胎,森麒麟,山东青岛,先生,59,
饶微,1410.0,医疗器械,新产业,广东深圳,先生,60,
邵根伙,1410.0,饲料、种业,大北农,北京,先生,59,中国-浙江-金华
施文博,1410.0,个人护理用品,恒安,福建泉州,先生,74,中国-福建-泉州
孙孟全,1410.0,食用油,鲁花,山东烟台,先生,74,
唐修国,1410.0,重型机械,三一,北京,先生,61,中国-湖南
田明,1410.0,专用设备制造业,美亚光电,安徽合肥,先生,71,中国-安徽
万隆,1410.0,食品,双汇,河南郑州,先生,84,中国-河南-漯河
汪林朋,1410.0,家居建材,居然之家,北京,先生,55,中国-湖北-黄冈
吴东进,1410.0,金融、医院,新光,台湾台北,先生,79,中国-台湾-台北
谢嘉,1410.0,无人机,大疆,广东深圳,先生,未知,
杨冰,1410.0,电商,得物,上海,先生,39,中国-江西-
应书岭,1410.0,电竞游戏,英雄互娱,北京,先生,43,中国-上海
张恭运,1410.0,机械制造,豪迈科技,山东潍坊,先生,61,
张克强,1410.0,投资、房地产,华美国际,广东广州,先生,64,中国-广东
张立国,1410.0,护肤品,敷尔佳,黑龙江哈尔滨,先生,60,
张永平,1410.0,房地产,秀水街,北京,先生,63,
周剑,1410.0,机器人,优必选,广东深圳,先生,48,中国-上海
陈得福,1340.0,医疗保健,仙妮雷德,美国洛杉矶,先生,76,中国-台湾-嘉义
范秀莲,1340.0,医药,海思科,西藏山南,先生,61,中国-辽宁-沈阳
何涛,1340.0,互联网医院,圆心科技,北京,先生,44,
焦震,1340.0,投资,鼎晖,北京,先生,58,
金磊,1340.0,医疗器械,佰仁医疗,北京,先生,70,
李晓明,1340.0,包装盒生产,恩捷股份,云南玉溪,先生,66,
梁丰,1340.0,锂电池材料,璞泰来,上海浦东,先生,56,
林来嵘,1340.0,矿业,众兴,天津,先生,56,中国-内蒙古-巴彦淖尔市
罗秋平,1340.0,日化用品,蓝月亮,广东广州,先生,61,中国-湖北-荆门
彭永鹤,1340.0,宠物医院,新瑞鹏,广东深圳,先生,55,
乔志涌,1340.0,液态气体,侨源股份,四川成都,先生,60,中国-四川
荣智健,1340.0,投资、房地产,中信泰富,香港,先生,82,中国-上海
苏纯兴,1340.0,汽车零售,和泰汽车,台湾台北,先生,未知,中国-台湾-台北
王恒,1340.0,零售、房地产,金鹰,江苏南京,先生,76,中国-广东-广州
王均豪,1340.0,房地产、航空、零售,均瑶,上海徐汇,先生,52,中国-浙江-温州
王振华,1340.0,房地产,新城,上海普陀,先生,62,中国-江苏
吴东亮,1340.0,金融,新光,台湾台北,先生,未知,中国-台湾-台北
吴忌寒,1340.0,芯片、矿机,比特小鹿,新加坡,先生,38,中国-重庆
吴美蓉,1340.0,太阳能设备,美科股份,上海,先生,64,
谢菊华,1340.0,原料药,健友股份,江苏南京,先生,73,
许达来,1340.0,智能硬件与技术、投资,小米,北京,先生,53,新加坡
杨霞,1340.0,生物医药,锦波,山西太原,女士,50,
昝圣达,1340.0,新能源、信息科技、投资,综艺,江苏南通,先生,61,中国-江苏-南通
张世龙,1340.0,模拟芯片,圣邦,北京,先生,58,
周镇科,1340.0,文化娱乐,大晟文化,广东深圳,先生,49,中国-广东-汕头
曾繁城,1270.0,半导体,台积电,台湾新竹,先生,未知,
常建鸣,1270.0,控制电机,鸣志电器,上海闵行,先生,59,
陈士良,1270.0,化纤、房地产,桐昆,浙江嘉兴,先生,61,中国-浙江-嘉兴
陈涛,1270.0,高密度印制电路板,胜宏科技,广东惠州,先生,52,中国-甘肃-陇南
陈智松,1270.0,通信,亿联网络,福建厦门,先生,58,
陈卓林,1270.0,投资、房地产,雅居乐,广东广州,先生,62,中国-广东-中山
邓文,1270.0,食品,天味食品,四川成都,先生,56,中国-四川-成都
丁会,1270.0,半导体,嘉立创,广东深圳,先生,未知,
丁会响,1270.0,半导体,嘉立创,广东深圳,先生,未知,
董增平,1270.0,输配电设备,思源电气,上海闵行,先生,54,
傅光明,1270.0,农业,圣农,福建南平,先生,70,中国-江西-抚州
高云峰,1270.0,激光设备,大族激光,广东深圳,先生,57,
何祖训,1270.0,畜牧,神农集团,云南昆明,先生,59,中国-云南-曲靖
黄建勲,1270.0,基础建设、房地产,联泰,广东汕头,先生,59,
黄民奇,1270.0,半导体,汉辰科技,台湾台北,先生,72,中国-台湾
黄小芬,1270.0,印刷电路板,景旺电子,广东深圳,女士,61,中国-广东-深圳
赖苗,1270.0,饮料,景田,广东深圳,先生,未知,
李琼,1270.0,互联网游戏、投资,昆仑万维,北京,先生,47,
利蕴莲,1270.0,房地产,希慎兴业,香港,先生,70,中国-香港
刘銮鸿,1270.0,房地产,利福国际,香港,先生,71,中国-香港
刘振东,1270.0,房地产,联东,北京,先生,53,中国-河北-唐山
陆兆禧,1270.0,电子商务、金融科技,阿里系,浙江杭州,先生,55,中国-广东-广州
罗嘉瑞,1270.0,房地产,鹰君,香港,先生,71,中国-香港
牛宜顺,1270.0,轮胎、输送带、电力,华勤,山东济宁,先生,69,中国-浙江-温州
潘刚,1270.0,乳制品,伊利,内蒙古呼和浩特,先生,54,中国-内蒙古-锡林郭勒盟
秦华,1270.0,宠物食品,乖宝宠物,山东聊城,先生,56,
任建华,1270.0,家用电器,老板电器,浙江杭州,先生,67,中国-浙江-杭州
沈亚,1270.0,新零售,唯品会,广东广州,先生,53,中国-浙江-温州
史英文,1270.0,房地产,荣和,广西南宁,先生,59,中国-广西-南宁
苏志刚,1270.0,旅游,长隆,广东广州,先生,66,中国-广东-广州
王文杉,1270.0,传媒,联合报业,台湾台北,先生,54,中国-台湾-台中
吴志刚,1270.0,食品,桃李面包,辽宁沈阳,先生,89,中国-辽宁
夏崇耀,1270.0,电缆,东方电缆,浙江宁波,先生,65,
向文波,1270.0,重型机械,三一,北京,先生,62,中国-湖南-益阳
张建国,1270.0,能源,九丰能源,广东广州,先生,61,中国-广东-茂名
钟乃雄,1270.0,房地产、投资,能兴,广东佛山,先生,61,
钟英武,1270.0,游戏,趣加科技,北京,先生,39,中国-湖南-岳阳
朱世会,1270.0,稀散金属,先导科技,广东广州,先生,57,中国-广东-广州
卓军,1270.0,印刷电路板,景旺电子,广东深圳,女士,未知,中国-香港
毛中吾,1240.0,重型机械,三一,北京,先生,62,中国-湖南
洪浩,1210.0,医药,凯莱英,天津,先生,68,
周亚辉,1210.0,互联网游戏、投资,昆仑万维,北京,先生,47,中国-云南-丽江
鲍洪星,1200.0,畜牧,双胞胎,江西南昌,先生,60,中国-江西-龙南
蔡海山,1200.0,医药,联邦制药,香港,先生,46,
蔡其瑞,1200.0,服装,宝成,台湾台中,先生,73,中国-台湾
陈湖文,1200.0,文具用品制造,晨光,上海松江,先生,54,中国-广东-汕头 
陈湖雄,1200.0,文具用品制造,晨光,上海奉贤,先生,54,中国-广东-汕头 
陈士斌,1200.0,石英制品,石英股份,江苏连云港,先生,58,中国-江苏-连云港
陈仕荣,1200.0,鞋业,丰泰,台湾斗六,先生,未知,中国-台湾
程立力,1200.0,畜牧,立华股份,江苏常州,先生,59,
杜锦豪,1200.0,医药,艾力斯,上海,先生,70,中国-江苏-
何志平,1200.0,投资,华建,广东深圳,先生,59,中国-江西
黄子欣,1200.0,消费电子产品,伟易达,香港,先生,75,
寇晓康,1200.0,新材料,蓝晓科技,陕西西安,先生,57,
梁安琪,1200.0,博彩,澳博,香港,女士,63,中国-广东-广州
梁勤,1200.0,半导体,扬杰科技,江苏扬州,先生,53,中国-江苏-扬州
凌斌,1200.0,电子器件制造,康冠科技,广东深圳,先生,56,
陆风,1200.0,数据服务,万得资讯,上海浦东,先生,56,
罗乐风,1200.0,服装,晶苑国际,香港,先生,未知,中国-香港
秦荣华,1200.0,汽车零部件,敏实,浙江宁波,先生,66,中国-台湾
荣智权,1200.0,银行业,上海商银,台湾台北,未知,未知,
束崇万,1200.0,半导体,创见信息,台湾台北,先生,70,中国-台湾
宋飞,1200.0,机械制造,艾迪精密,山东烟台,先生,58,
孙惠刚,1200.0,投资,万华化学,山东烟台,先生,未知,
童锦泉,1200.0,房地产,长峰房地产,上海长宁,先生,69,中国-江苏-南通
王硕,1200.0,企业服务,Deel,美国旧金山,先生,34,中国-北京
魏学专,1200.0,化工,汇丰石化,山东淄博,先生,71,中国-山东-淄博
夏鼎湖,1200.0,汽车零部件,中鼎,安徽宣城,先生,80,中国-安徽
徐广福,1200.0,电气设备制造、太阳能,大全,江苏镇江,先生,未知,
叶琼玖,1200.0,软件,同花顺,浙江杭州,先生,70,中国-浙江-宁波
俞浩,1200.0,智能家电,追觅科技,江苏苏州,先生,37,中国-江苏-南通
张国涛,1200.0,珠宝首饰,迪阿,广东深圳,先生,39,中国-河南-开封
张积敏,1200.0,钢铁,青山控股,浙江温州,先生,61,
张涛,1200.0,生活服务,美团,北京,先生,52,中国-上海
张兴礼,1200.0,汽车、汽车零配件,小康控股,重庆,先生,67,中国-重庆
张兴明,1200.0,汽车、汽车零配件,小康控股,重庆,先生,67,中国-重庆
赵宗信,1200.0,电子元件,健策,台湾桃园,未知,未知,
孙宏斌,1170.0,房地产,融创,天津,先生,61,中国-山西-运城
王吉雷,1170.0,快递,中通,上海青浦,先生,59,
赵永昌,1170.0,电子元件,健策,台湾桃园,未知,未知,
曾开天,1130.0,网络游戏,三七互娱,广东广州,先生,未知,
陈德军,1130.0,物流,申通快递,上海青浦,先生,54,中国-浙江-杭州
陈建成,1130.0,电气设备、房地产,卧龙控股,浙江绍兴,先生,65,中国-浙江-绍兴
陈文源,1130.0,设备制造,华兴源创,江苏苏州,先生,56,
成三荣,1130.0,汽车配件,沪光股份,江苏苏州,先生,61,
高兴江,1130.0,不锈钢,永兴特钢,浙江湖州,先生,61,中国-浙江-湖州
洪水树,1130.0,设备制造,可成科技,台湾台南,先生,65,中国-台湾-台南
胡扬忠,1130.0,视频监控产品,海康威视,浙江杭州,先生,59,中国-湖北-武汉
江南,1130.0,房地产、工业制造,圣丰,广东广州,先生,61,中国-山东-济南
井贤栋,1130.0,电子商务、金融科技,阿里系,浙江杭州,先生,52,
李斌,1130.0,电动车,蔚来、易车,上海嘉定,先生,50,中国-安徽
李东生,1130.0,家用电器及半导体产品,TCL,广东惠州,先生,67,中国-广东-惠州
李国库,1130.0,餐饮,千喜鹤,北京,先生,未知,
李国庆,1130.0,化纤,荣盛控股,浙江杭州,先生,54,中国-浙江
李卫伟,1130.0,网络游戏,三七互娱,广东广州,先生,47,中国-四川-成都
李永庆,1130.0,化纤,荣盛控股,浙江杭州,先生,60,中国-浙江
梁信军,1130.0,投资,-,上海,先生,56,中国-浙江-台州
刘程宇,1130.0,电力设备,科士达,广东深圳,先生,62,中国-福建-宁德
刘天文,1130.0,软件与信息服务,软通动力,北京,先生,61,
刘晓东,1130.0,香料、酒业,百润,上海浦东,先生,57,
龙大强,1130.0,光伏电池,中润光能,江苏徐州,先生,未知,
罗阳勇,1130.0,钒钛磁铁矿,安宁股份,四川攀枝花,先生,49,
阮水龙,1130.0,化工、钢铁,龙盛,浙江绍兴,先生,89,中国-山东-济宁
沈华,1130.0,半导体,斯达半导,浙江嘉兴,先生,61,
盛百椒,1130.0,鞋业,百丽,广东深圳,先生,72,中国-上海
施崇棠,1130.0,电脑产品,华硕,台湾台北,先生,72,中国-台湾-彰化
苏庆灿,1130.0,医疗服务,华厦眼科,福建厦门,先生,55,
孙怀庆,1130.0,化妆品,丸美,广东广州,先生,55,中国-重庆
孙清焕,1130.0,光学光电,木林森,广东中山,先生,51,中国-江西-宜春
孙喜双,1130.0,房地产、投资,一方,北京,先生,71,中国-吉林
孙勇坚,1130.0,地产、贸易,宝矿,上海闸北,先生,58,
唐敖齐,1130.0,汽车配饰,新泉股份,江苏常州,先生,79,
陶悦群,1130.0,医疗器械制造、销售,欧普康视,安徽合肥,先生,64,
汪力成,1130.0,医药、投资,华立,浙江杭州,先生,64,中国-浙江-杭州
王仕锐,1130.0,医疗服务,医联,四川成都,先生,37,
王文渊,1130.0,化工,台塑,台湾高雄,先生,77,中国-台湾-台北
肖日明,1130.0,电力设备,华明装备,上海,先生,88,中国-上海
许江南,1130.0,医药,天新药业,江西景德镇,先生,62,
许庆奎,1130.0,钢铁、冶金、机械,九羊,山东莱芜,先生,未知,
许月娟,1130.0,化纤,荣盛控股,浙江杭州,先生,未知,中国-浙江
杨元庆,1130.0,计算机服务、投资,联想,北京,先生,60,中国-安徽-合肥
杨长基,1130.0,消费电子产品,金像电子,台湾桃园,先生,未知,
叶德林,1130.0,建筑陶瓷,新明珠,广东佛山,先生,56,中国-广东-佛山
钟德礼,1130.0,鞋业,来亿兴业,台湾台中,未知,未知,
周庆治,1130.0,电池、投资,南都,上海浦东,先生,69,
欧雷强,1100.0,医药,百济神州,北京,先生,56,美国
周志文,1080.0,生物医药,昭衍新药,北京,先生,59,
苗拥军,1070.0,医药制造业,安图生物,河南郑州,先生,57,中国-河南-郑州
曹德风,1060.0,食品和饮料,佳格,台湾台北,先生,79,
曾继疆,1060.0,电子器件制造,宏达电子,湖南株洲,先生,62,中国-湖南
陈慧慧,1060.0,房地产,南丰,香港,女士,65,中国-香港
方玉友,1060.0,化妆品,珀莱雅,浙江杭州,先生,55,中国-浙江-温州
冯国纶,1060.0,物流,利丰,香港,先生,76,中国-广东-江门
顾江生,1060.0,家具,顾家家居,浙江杭州,先生,51,中国-浙江-台州
吉为,1060.0,通信设备,威胜信息,湖南长沙,先生,67,
蒋伟,1060.0,生物医药,昊海生物,上海松江,先生,未知,
柯为湘,1060.0,房地产,保利达,香港,先生,73,中国-广东-潮州
柯希平,1060.0,投资、地产,恒兴实业,福建厦门,先生,64,中国-福建-泉州
李阔,1060.0,母婴产品,白贝壳,浙江杭州,先生,未知,
李添财,1060.0,食品和饮料,金车,台湾台北,先生,86,
李晓华,1060.0,包装盒生产,恩捷股份,云南玉溪,先生,62,中国-云南
刘伟,1060.0,软件和信息技术,佳都科技,广东广州,先生,59,中国-广东-梅州
卢宗俊,1060.0,物流,中谷物流,上海浦东,先生,61,
马斌,1060.0,电气机械和器材,神马,江苏南通,先生,54,
任晋生,1060.0,生物医药,先声药业,江苏南京,先生,62,中国-江苏-南京
茹伯兴,1060.0,工业制造、房地产,百兴,江苏常州,先生,77,中国-江苏-常州
佘英杰,1060.0,电子设备制造,新豪国际,香港,先生,67,
宋卫平,1060.0,房地产,绿城,浙江杭州,先生,66,中国-浙江-绍兴
谭炳照,1060.0,房地产,敏捷,广东广州,先生,60,
谭莉莉,1060.0,饲料,海大,广东广州,先生,未知,
王晖,1060.0,半导体,盛美半导体,上海浦东,先生,63,
王文潮,1060.0,化工,台塑,台湾高雄,先生,73,中国-台湾-台北
王文洋,1060.0,化学原料,宏仁,广东广州,先生,73,中国-台湾-新北
王信文,1060.0,游戏,莉莉丝,上海,先生,37,
王义平,1060.0,汽车零部件,继峰股份,浙江宁波,先生,63,中国-浙江
吴宝田,1060.0,房地产、酒店,丽宝,台湾台北,先生,73,
吴仲毅,1060.0,通信,亿联网络,福建厦门,先生,51,
肖红星,1060.0,电子元件,广合科技,广东广州,未知,未知,中国-海南
徐万茂,1060.0,文具、教育、房地产、金融,华茂,浙江宁波,先生,79,中国-浙江-宁波
闫洪嘉,1060.0,新能源,宇泽,云南楚雄,先生,44,中国-山西-沂州
杨浩涌,1060.0,汽车服务,车好多,北京,先生,50,中国-安徽-合肥
杨秋梅,1060.0,人工智能,商汤科技,北京,未知,未知,
杨钊,1060.0,服装、房地产,旭日企业,香港,先生,77,中国-广东-惠州
杨志茂,1060.0,投资,新世纪科教,广东东莞,先生,61,中国-广东-东莞
俞其兵,1060.0,玻璃,旗滨,浙江宁波,先生,59,中国-浙江
张伟祥,1060.0,钢铁、矿业、船运,建龙,北京,先生,未知,中国-浙江-绍兴
张新,1060.0,电气机械和器材制造,特变电工,新疆昌吉,先生,62,中国-甘肃-武威
李林,1030.0,区块链,火币,北京,先生,42,
方同华,1010.0,医药,珍宝岛药业,黑龙江鸡西,先生,61,中国-安徽-毫州
李晓林,1010.0,房地产、投资,林达,北京,先生,71,中国-北京
邵晓峰,1010.0,电子商务、金融科技,阿里系,浙江杭州,先生,59,中国-浙江-杭州
蔡荣军,1000.0,光电子元器件,欧菲光,广东深圳,先生,52,中国-广东-汕头
陈奇星,1000.0,电子元件,长盈精密,广东深圳,先生,65,
彭永东,1000.0,房地产服务,贝壳,北京,先生,45,
沈汉标,1000.0,耐用消费品,好太太,广东广州,先生,52,中国-广东-汕头
王慧文,1000.0,生活服务,美团,北京,先生,46,
易贤忠,1000.0,生物医药,百奥泰,广东广州,先生,65,中国-湖北
朱一明,1000.0,芯片研发,兆易创新,北京,先生,52,
陈海波,990.0,人工智能,深兰科技,上海,先生,55,中国-江苏-连云港
陈精业,990.0,网络游戏、电商,冬海集团,新加坡,未知,未知,
戴文渊,990.0,人工智能,第四范式,北京,先生,41,中国-江苏-苏州
高毅,990.0,医药零售,益丰药房,湖南长沙,先生,56,中国-湖南-常德
耿建明,990.0,房地产,荣盛,河北廊坊,先生,62,中国-江苏-南京
郭建刚,990.0,小家电,新宝电器,广东佛山,先生,58,中国-广东-佛山
韩玉龙,990.0,餐饮,Manner,上海,先生,39,中国-江苏-南通
侯昌财,990.0,房地产,源昌,福建厦门,先生,68,中国-福建-泉州
黄健,990.0,家电制造,美的,广东佛山,先生,57,中国-湖南-岳阳
黄伟,990.0,房地产、金融,新湖,浙江杭州,先生,65,中国-浙江-温州
黄泽兰,990.0,钨矿,章源钨业,江西赣州,先生,69,中国-江西-赣州
姜雪飞,990.0,印刷电路板,崇达科技,广东深圳,先生,55,中国-辽宁-大连
李国强,990.0,汽车销售,中升控股,辽宁大连,先生,60,
李进,990.0,体育用品、投资,李宁,北京,先生,54,
李振江,990.0,医药,神威,河北石家庄,先生,67,中国-河北-石家庄
李志远,990.0,变压器,金盘科技,海南海口,先生,69,中国-广西-南宁
聂云宸,990.0,餐饮,喜茶,广东深圳,先生,33,
彭军,990.0,自动驾驶技术,小马智行,广东广州,先生,未知,
乔玉华,990.0,煤炭、热电、化工,双欣,内蒙古鄂尔多斯,先生,58,中国-内蒙古-鄂尔多斯
孙伟杰,990.0,石油专用设备,杰瑞石油,山东烟台,先生,61,中国-山东
谭瑞清,990.0,钛白粉,龙佰,河南焦作,先生,58,中国-河南
唐晔,990.0,信息技术,柏楚电子,上海闵行,先生,43,
王锦华,990.0,矿产,金石资源,浙江杭州,先生,61,中国-浙江
王敏文,990.0,半导体,立昂微,浙江杭州,先生,61,中国-浙江
吴崇仪,990.0,汽车零部件,至兴,台湾彰化,先生,65,中国-台湾
徐冠巨,990.0,化工、农业、投资,传化,浙江杭州,先生,63,中国-浙江-杭州
许志翰,990.0,电子器件制造,卓胜微,江苏无锡,先生,52,
薛济萍,990.0,电缆,中天科技,江苏南通,先生,73,中国-江苏-南通
姚其湧,990.0,投资,宏兆,广东深圳,先生,60,
袁菁,990.0,游戏,沐瞳科技,上海,先生,44,
张大中,990.0,投资,大中,北京,先生,76,中国-北京
张晖,990.0,运输,满帮,贵州贵阳,先生,46,中国-江苏
张利钿,990.0,乳业,雅士利,广东潮州,先生,60,中国-广东-潮州
张跃,990.0,环保建筑,远大,湖南长沙,先生,64,中国-湖南-长沙
周国辉,990.0,供应链,怡亚通,广东深圳,先生,59,中国-广东-梅州
周骏,990.0,饮料,景田,广东深圳,先生,未知,
庄奎龙,990.0,化纤,新凤鸣,浙江嘉兴,先生,62,
左宗申,990.0,摩托车、房地产,宗申,重庆,先生,71,中国-重庆
AllanWarburg王沛德,960.0,服装零售,绫致时装,北京,先生,58,丹麦
DanFriis丹飞,960.0,服装零售,绫致时装,北京,先生,55,
丹宏,960.0,面粉,五得利,河北邯郸,先生,未知,
傅明康,960.0,机械配件,日月股份,浙江宁波,先生,61,
邵建雄,960.0,光伏逆变器,禾迈股份,浙江杭州,先生,60,中国-浙江
伍超群,960.0,食品,千禾味业,四川眉山,先生,55,中国-四川-眉山
张德生,960.0,电缆、房地产、医药,万马电线电缆,浙江杭州,先生,75,中国-浙江
康永来,940.0,航天,天兵科技,江苏苏州,未知,未知,
柯桂华,940.0,汽车电子产品,科博达,上海浦东,先生,59,
张华,940.0,农业、造纸、矿产,福华,四川成都,先生,未知,
赵曰岭,940.0,化工,金岭,山东东营,先生,72,中国-山东
丁锋,930.0,充电桩,星星充电,江苏常州,先生,58,
邵丹薇,930.0,充电桩,星星充电,江苏常州,女士,42,中国-江苏-常州
夏曙东,930.0,智能交通,千方科技,北京,先生,52,中国-湖北-黄冈
袁桂宝,930.0,房地产、园林,鸿宝集团,河南郑州,先生,未知,
赵鹏,930.0,招聘网站,BOSS直聘,北京,先生,54,中国-山西-长治
包松安,920.0,房地产、投资,亿联投资,天津,先生,未知,中国-浙江-温州
曹骥,920.0,锂电池,杭可科技,浙江杭州,先生,72,中国-浙江
陈邦栋,920.0,输配电设备,思源电气,上海闵行,先生,54,
陈保华,920.0,医药,华海药业,浙江台州,先生,62,中国-浙江-台州
陈竞宏,920.0,汽车零部件,华达科技,江苏泰州,先生,78,
程涌,920.0,高密度印制电路板,奥士康,广东深圳,先生,50,中国-湖南-沅江
邓耀升,920.0,房地产,升域,香港,先生,38,中国-香港
丁永强,920.0,光伏设备,古瑞瓦特,广东深圳,先生,44,中国-湖北-随州
董清世,920.0,玻璃,信义,香港,先生,58,
何中林,920.0,锂电池材料,融通,湖北黄石,先生,56,
李朝旺,920.0,生活卫生产品,维达国际,香港,先生,66,中国-广东-江门
李海周,920.0,电气设备,兆威机电,广东深圳,先生,54,中国-广东-梅州
李强,920.0,化妆品,百雀羚,上海,先生,未知,
李思廉,920.0,投资、房地产,富力地产,广东广州,先生,67,中国-香港
李小勤,920.0,家具,匠心家居,江苏常州,先生,53,中国-浙江-杭州
李新炎,920.0,重型工程用车,中国龙工,上海松江,先生,73,中国-福建-泉州
励建立,920.0,锂电池结构件,科达利,广东深圳,先生,52,
廖杰远,920.0,医疗服务,微医,浙江杭州,先生,未知,
刘明辉,920.0,能源,中国燃气,香港,先生,61,中国-香港
刘庆峰,920.0,软件和信息技术服务业,科大讯飞,安徽合肥,先生,51,中国-安徽-宣城
刘先兵,920.0,陶瓷材料,珂玛科技,江苏苏州,未知,未知,
刘修才,920.0,生物材料,凯赛生物,上海浦东,先生,67,
陆永华,920.0,太阳能,林洋能源,江苏南通,先生,61,中国-江苏-南通
罗康瑞,920.0,房地产,瑞安,香港,先生,76,中国-香港
吕培榕,920.0,投资、房地产、服装,大帝,福建泉州,先生,65,中国-福建-泉州
明再远,920.0,天然气,新天然气,新疆乌鲁木齐,先生,61,中国-四川-德阳
欧亚平,920.0,天然气、房地产,百仕达,香港,先生,62,中国-湖南-长沙
邱建林,920.0,化纤,恒逸,浙江杭州,先生,61,中国-浙江
邱敏秀,920.0,机电设备,晶盛机电,浙江绍兴,先生,79,
邱祥娟,920.0,化纤,恒逸,浙江杭州,先生,未知,中国-浙江
邱奕博,920.0,化纤,恒逸,浙江杭州,先生,37,中国-浙江
裘国根,920.0,投资,重阳投资,上海浦东,先生,55,中国-浙江-绍兴
孙毅,920.0,清洁能源装备,浙富控股,浙江杭州,先生,57,中国-浙江
王建沂,920.0,光纤光缆,富通,浙江杭州,先生,61,中国-浙江
王文城,920.0,石材、房地产,大中,广东东莞,先生,未知,中国-广东
温纯青,920.0,烟草、房地产、白酒,大百汇,广东深圳,先生,53,中国-广东-梅州
吴波,920.0,机械装备制造,埃斯顿,江苏南京,先生,70,中国-江苏-南京
吴昕阳,920.0,房地产,新光三越,台湾台北,先生,未知,中国-台湾-台北
熊小川,920.0,医疗机械,美好创亿,广东深圳,先生,58,
徐旭东,920.0,汽车零部件,旭升汽车技术,浙江宁波,先生,54,
姚俊良,920.0,煤炭,美锦能源,山西太原,先生,71,
詹国海,920.0,石油化工,鑫海控股,河北沧州,先生,56,
张波,920.0,生活服务,美团,北京,先生,未知,
张近东,920.0,零售、房地产,苏宁,江苏南京,先生,61,中国-江苏-南京
张思民,920.0,医药、房地产,海王,广东深圳,先生,62,中国-吉林-长春
张轩松,920.0,超市零售,永辉,福建福州,先生,53,中国-福建-福州
折生阳,920.0,金属增材制造,铂力特,陕西西安,先生,69,中国-陕西-西安
钟志平,920.0,消费品,创科实业,香港,先生,71,中国-澳门
周伟建,920.0,墙面保护装饰,美涂士,广东广州,先生,未知,
朱敏,920.0,投资,赛伯乐,浙江杭州,先生,76,中国-浙江-宁波
宗艳民,920.0,半导体材料,天岳先进,山东济南,先生,60,
褚健,890.0,软件系统,中控技术,浙江杭州,先生,61,
樊铮,890.0,新能源汽车,理想汽车,北京,先生,45,中国-上海
黄关林,890.0,纺织、服装,申洲针织,浙江宁波,先生,58,中国-浙江
石毅峰,890.0,生物制药,爱美客,北京,先生,50,中国-山西-晋中
王斌,890.0,餐饮连锁,书亦餐饮,四川成都,先生,38,中国-湖南
程先锋,870.0,医药,亿帆鑫富,浙江杭州,先生,56,
戴珊,870.0,电子商务、金融科技,阿里系,浙江杭州,先生,48,
石克荣,870.0,食品,汇福,河北廊坊,先生,67,中国-河北-廊坊
寿柏年,870.0,物业管理,绿城服务,浙江杭州,先生,62,中国-浙江-绍兴
吴泳铭,870.0,电子商务、金融科技,阿里系,浙江杭州,先生,49,
赵彤彤,870.0,连锁酒店,华住,上海闵行,先生,未知,
贾国龙,860.0,餐饮,西贝,北京,先生,57,中国-内蒙古-巴彦淖尔
姜龙,860.0,声学及多媒体产品,歌尔股份,山东潍坊,先生,50,
徐观宝,860.0,化工、农业、投资,传化,浙江杭州,先生,67,中国-浙江-杭州
尤金焕,860.0,化工、铝业、投资,华峰,浙江温州,先生,未知,
赵凯,860.0,投资、房地产,成都环球世纪,四川成都,先生,未知,
蔡开云,850.0,白酒,稻花香,湖北宜昌,先生,52,
陈睿,850.0,视频弹幕网站,哔哩哔哩,上海杨浦,先生,46,中国-四川-成都
杜伟民,850.0,生物医药,康泰生物,广东深圳,先生,61,中国-江西-南昌
辜侯天仪,850.0,水泥,台泥,台湾台北,先生,未知,
胡鹍辉,850.0,生物科技,亚辉龙,广东深圳,先生,33,中国-广东-深圳
黄金祥,850.0,农药化肥、房地产,安徽广信,安徽宣城,先生,59,中国-安徽-宣城
金鑫,850.0,钢结构产品,大金重工,辽宁阜新,先生,57,
柯利明,850.0,娱乐,中国儒意,香港,未知,未知,
赖国贵,850.0,摩托车,春风控股集团,浙江杭州,先生,60,
李杰,850.0,物流快递,极兔速递,印度尼西亚雅加达,先生,49,中国-四川
李凯莉,850.0,殡葬服务,龙岩,台湾新北,女士,未知,
李平,850.0,矿业开发、冶金贸易,天高,广东广州,先生,60,中国-江西-赣州
李咏怡,850.0,环保,粤丰环保,广东东莞,女士,未知,
梁桐灿,850.0,建筑陶瓷,宏宇,广东佛山,先生,未知,中国-广东-佛山
刘宝林,850.0,医药流通,九州通,湖北武汉,先生,71,中国-湖北-孝感
楼天城,850.0,自动驾驶技术,小马智行,广东广州,先生,未知,
鲁楚平,850.0,工业电机,大洋电机,广东中山,先生,59,中国-湖北-孝感
吕绍林,850.0,自动化设备,博众精工,江苏苏州,先生,51,中国-湖南-邵阳
缪双大,850.0,空调设备,双良,江苏无锡,先生,73,中国-江苏-无锡
沈波,850.0,投资,分布式资本,上海虹口,先生,61,
苏如春,850.0,房地产、建筑、投资,华邦,广东广州,先生,56,
孙中伟,850.0,便携储能电池、太阳能,华宝新能,广东深圳,先生,46,中国-山东
童文红,850.0,电子商务、金融科技,阿里系,浙江杭州,先生,54,
王佳,850.0,网络安全,启明星辰,北京,先生,55,中国-云南-昆明
王建东,850.0,钢铁,中建融东,河北邯郸,先生,52,中国-河北-邯郸
王明鎏,850.0,投资、区块链、游戏,毛球科技,四川成都,先生,41,中国-四川-成都
王铭祥,850.0,石油化工,东华能源,江苏南京,先生,46,中国-江苏-南通
王维东,850.0,自动化设备,赢合科技,广东深圳,先生,47,中国-甘肃-酒泉
王霄锟,850.0,餐饮连锁,茶百道,四川成都,先生,41,
王跃旦,850.0,家用电器,富佳实业,浙江宁波,先生,71,
王泽龙,850.0,钛白粉,中核钛白,广东广州,先生,未知,
谢剑辉,850.0,汽车服务，产业园区,富兴,湖南长沙,先生,未知,
徐进,850.0,白酒,口子窖,安徽淮北,先生,59,
徐少春,850.0,财务软件,金蝶国际,广东深圳,先生,61,中国-湖南-益阳
杨受成,850.0,房地产,英皇,香港,先生,80,中国-香港
袁莉萍,850.0,生物医药,康泰生物,广东深圳,先生,53,
张清森,850.0,电子配件,绿联科技,广东深圳,未知,未知,
张勇,850.0,电子商务、金融科技,阿里系,浙江杭州,先生,未知,
张重兴,850.0,工业机械,台湾精锐,台湾台中,未知,未知,
赵满堂,850.0,矿业、酒店,盛达,甘肃兰州,先生,64,中国-甘肃-天水
赵延平,850.0,卫星导航,华测导航,上海青浦,先生,56,中国-吉林
甄荣辉,850.0,互联网服务,51job,上海静安,先生,62,中国-香港
周旭明,850.0,化学品原料,科思股份,江苏南京,先生,51,
陈泽民,830.0,食品,三全食品,河南郑州,先生,81,中国-重庆-江津
刘德,830.0,北京,小米,北京,先生,未知,
姚劲波,830.0,生活服务,58同城,北京,先生,48,中国-湖南-益阳
张亚,830.0,微波电子器件,国光电气,四川成都,先生,55,
赵鸿飞,830.0,智能终端操作系统,中科创达,北京,先生,50,
吕建明,820.0,医疗器械,通策医疗,浙江杭州,先生,59,中国-浙江
申东日,820.0,服装,朗姿,北京,先生,52,中国-黑龙江-绥化
王德根,820.0,畜牧业、教育,德康农牧,四川成都,先生,53,中国-四川
吴城,820.0,矿业,国城,北京,先生,未知,
吴凯庭,820.0,电子信息产品,万利达,福建漳州,先生,未知,中国-福建-漳州
谢识才,820.0,合金材料,博威合金,浙江宁波,先生,63,中国-浙江-杭州
余海军,820.0,汽车销售,宝利德,浙江杭州,先生,50,中国-浙江-绍兴
周华松,820.0,淋浴设备,松霖科技,福建厦门,先生,58,
周文,820.0,塑料制造、汽车配件,普利特,上海青浦,先生,59,
陈学利,800.0,医疗器械,威高,山东威海,先生,73,
苏增福,800.0,厨具、投资,苏泊尔,浙江杭州,先生,84,中国-浙江-台州
王富济,800.0,医药,片仔癀,福建漳州,先生,未知,
吴惠芳,800.0,钢铁,永钢,江苏苏州,先生,未知,中国-江苏-
吴永华,800.0,体育用品,安踏,福建厦门,先生,54,中国-福建
钟培峰,800.0,电子,晶晨股份,上海浦东,先生,61,
周俊杰,800.0,餐饮设备,银都股份,浙江杭州,先生,56,
刘姗姗,790.0,半导体,摩尔线程,北京,女士,未知,
陈妙林,770.0,房地产,开元旅业,浙江杭州,先生,72,中国-浙江-杭州
陈清州,770.0,专业无线通信设备,海能达,广东深圳,先生,59,中国-福建-泉州
陈育宣,770.0,电子元件连接器,电连技术,广东深圳,先生,58,中国-江西-九江
陈卓贤,770.0,投资、房地产,雅居乐,广东广州,先生,57,中国-广东-中山
邓颖忠,770.0,生活用纸,中顺洁柔,广东中山,先生,73,中国-广东
郭振宇,770.0,护肤品,贝泰妮,云南昆明,先生,61,中国-云南-昆明
何德佑,770.0,电子元件,嘉泽端子,台湾基隆,未知,未知,
何亚民,770.0,机械制造,利君股份,四川成都,先生,67,中国-四川
花轩德,770.0,医药,中贝九洲,浙江台州,先生,81,中国-浙江-台州
黄炳文,770.0,印刷,东风印刷,广东汕头,先生,70,
黄善兵,770.0,半导体器件,捷捷微电,江苏南通,先生,68,
黄婉茹,770.0,基础建设、房地产,联泰,广东汕头,先生,未知,
江淦钧,770.0,家具,索菲亚,广东广州,先生,60,中国-广东-广州
姜桂廷,770.0,设备制造,景津环保,山东德州,先生,66,
蒋锦志,770.0,投资,景林资产,上海浦东,先生,未知,
金磊,770.0,生物制药,长春高新,吉林长春,先生,59,
黎经华,770.0,家具零售,罗浮宫家居,广东佛山,先生,62,
李建华,770.0,地板,威华,广东广州,先生,71,中国-广东-梅州
李文美,770.0,快速诊断试剂,万孚生物,广东广州,先生,62,中国-吉林-长春
李学凌,770.0,游戏、语音软件,欢聚时代,广东深圳,先生,51,
李缜,770.0,电池、房地产、影视、投资,国轩高科,安徽合肥,先生,60,
林海川,770.0,仓储物流,宏川,广东东莞,先生,52,中国-广东-东莞
吕大龙,770.0,投资,韦尔股份,上海浦东,先生,未知,
马国林,770.0,化工,卫星石化,浙江嘉兴,先生,60,中国-浙江
孟庆南,770.0,通信设备元件,武汉凡谷,湖北武汉,先生,66,中国-湖北
潘龙泉,770.0,电动工具,泉峰,江苏南京,先生,61,
彭浩,770.0,通信部件,信维通信,广东深圳,先生,57,中国-陕西-咸阳
瞿晓铧,770.0,光伏设备,阿特斯,江苏苏州,先生,60,
商晓波,770.0,金属结构制造业,鸿路钢构,安徽合肥,先生,50,中国-浙江-绍兴
束小龙,770.0,餐饮,老乡鸡,安徽合肥,先生,36,中国-安徽-合肥
孙永根,770.0,化纤,天圣控股,浙江绍兴,先生,53,中国-浙江-绍兴
汪东颖,770.0,打印设备,纳思达,广东珠海,先生,58,中国-甘肃-兰州
王刚,770.0,物流,满帮,贵州贵阳,先生,48,
王坚,770.0,电子商务、金融科技,阿里系,浙江杭州,先生,62,
王俊,770.0,医疗大数据、基因检测,碳云、华大基因,广东深圳,先生,48,
伍亚林,770.0,汽车零部件,博俊科技,江苏苏州,先生,57,中国-福建-莆田
谢秉政,770.0,服装,比音勒芬,广东广州,先生,55,中国-浙江-温州
杨文龙,770.0,医药,仁和药业,江西宜春,先生,62,中国-江西-宜春
姚文琛,770.0,文娱,姚记扑克,上海,先生,73,
张学武,770.0,食品制造,盐津铺子,湖南长沙,先生,50,
张学政,770.0,半导体,闻泰科技,浙江嘉兴,先生,49,
张镇潮,770.0,财税软件,税友股份,浙江杭州,先生,57,
赵轶,770.0,半导体设备,长川科技,浙江杭州,先生,48,中国-浙江
郑元豹,770.0,工业电器、房地产、投资,人民电器,浙江温州,先生,66,中国-浙江-温州
钟声坚,770.0,房地产,仁恒,上海浦东,先生,66,中国-广东-汕尾
周光平,770.0,智能硬件与技术、投资,小米,北京,先生,未知,
周剑,770.0,智能制造装备,迈为股份,江苏苏州,先生,48,
杜越新,760.0,投资、拍卖,嘉德,北京,先生,未知,
耿殿根,760.0,电信运营,光环新网,北京,先生,68,
卢荣富,760.0,通信,亿联网络,福建厦门,先生,53,
徐子泉,760.0,软件与信息服务,捷成,北京,先生,66,
奥凤廷,750.0,煤炭、热电、铝合金,蒙泰,内蒙古鄂尔多斯,先生,65,
代田田,750.0,信息技术,柏楚电子,上海闵行,先生,41,
丁水波,750.0,体育用品,特步,福建厦门,先生,54,中国-福建-泉州
刘满世,750.0,煤炭,满世,内蒙古鄂尔多斯,先生,75,中国-内蒙古
邱达强,750.0,石油化工,富地石油,香港,先生,62,中国-香港
施清岛,750.0,纺织材料,台华新材,浙江嘉兴,先生,59,
吴英,750.0,新材料,美畅,陕西咸阳,先生,60,
谢可滔,750.0,教育,中教,香港,先生,60,
熊晓鸽,750.0,投资,IDG资本,北京,先生,69,中国-湖南-湘潭
徐小平,750.0,投资,真格,北京,先生,68,中国-江苏-泰兴
