date,day_weather,night_weather,max_temp,min_temp,day_wind,night_wind
2022-01-01,多云 ,  多云,7℃ , -7℃,北风 5-6级 , 北风 5-6级
2022-01-02,晴 ,  多云,0℃ , -7℃,北风 3-4级 , 北风 3-4级
2022-01-03,多云 ,  晴,4℃ , -6℃,西风 4-5级 , 西风 4-5级
2022-01-04,晴 ,  多云,0℃ , -5℃,东北风 3-4级 , 东北风 3-4级
2022-01-05,多云 ,  晴,1℃ , -4℃,西风 4-5级 , 西风 4-5级
2022-01-06,晴 ,  晴,0℃ , -5℃,北风 4-5级 , 北风 4-5级
2022-01-07,晴 ,  晴,5℃ , -3℃,西南风 4-5级 , 西南风 4-5级
2022-01-08,晴 ,  晴,4℃ , -5℃,西风 4-5级 , 西风 4-5级
2022-01-09,多云 ,  多云,0℃ , -5℃,北风 3-4级 , 北风 3-4级
2022-01-10,阴 ,  晴,-2℃ , -8℃,北风 4-5级 , 北风 4-5级
2022-01-11,晴 ,  多云,-5℃ , -9℃,北风 4-5级 , 北风 4-5级
2022-01-12,小到中雪 ,  多云,-1℃ , -7℃,北风 4-5级 , 北风 4-5级
2022-01-13,晴 ,  晴,-2℃ , -7℃,北风 4-5级 , 北风 4-5级
2022-01-14,晴 ,  多云,4℃ , -3℃,西南风 4-5级 , 西南风 4-5级
2022-01-15,多云 ,  晴,4℃ , -7℃,北风 4-5级 , 北风 4-5级
2022-01-16,晴 ,  晴,-1℃ , -8℃,北风 3-4级 , 北风 3-4级
2022-01-17,晴 ,  晴,-1℃ , -8℃,北风 4-5级 , 北风 4-5级
2022-01-18,多云 ,  小雪,2℃ , -7℃,南风 4-5级 , 南风 4-5级
2022-01-19,多云 ,  晴,-7℃ , -12℃,北风 5-6级 , 北风 5-6级
2022-01-20,晴 ,  晴,-5℃ , -11℃,北风 4-5级 , 北风 4-5级
2022-01-21,多云 ,  小雪,-2℃ , -8℃,北风 3-4级 , 北风 3-4级
2022-01-22,小雪 ,  多云,0℃ , -6℃,北风 4-5级 , 北风 4-5级
2022-01-23,晴 ,  晴,-2℃ , -6℃,北风 4-5级 , 北风 4-5级
2022-01-24,多云 ,  多云,-2℃ , -6℃,北风 4-5级 , 北风 4-5级
2022-01-25,多云 ,  晴,2℃ , -6℃,西北风 4-5级 , 西北风 4-5级
2022-01-26,多云 ,  多云,-1℃ , -5℃,北风 4-5级 , 北风 4-5级
2022-01-27,晴 ,  多云,-2℃ , -5℃,北风 3-4级 , 北风 3-4级
2022-01-28,晴 ,  晴,-2℃ , -6℃,北风 3-4级 , 北风 3-4级
2022-01-29,晴 ,  晴,-1℃ , -6℃,北风 3-4级 , 北风 3-4级
2022-01-30,晴 ,  多云,3℃ , -3℃,西北风 4-5级 , 西北风 4-5级
2022-01-31,小雪 ,  多云,3℃ , -6℃,北风 4-5级 , 北风 4-5级
2022-02-01,晴 ,  晴,-3℃ , -6℃,北风 4-5级 , 北风 4-5级
2022-02-02,晴 ,  晴,0℃ , -5℃,西北风 3-4级 , 西北风 3-4级
2022-02-03,晴 ,  晴,1℃ , -7℃,北风 3-4级 , 北风 3-4级
2022-02-04,多云 ,  晴,-4℃ , -9℃,西北风 4-5级 , 西北风 4-5级
2022-02-05,晴 ,  晴,0℃ , -6℃,西北风 4-5级 , 西北风 4-5级
2022-02-06,晴 ,  多云,0℃ , -3℃,西北风 4-5级 , 西北风 4-5级
2022-02-07,多云 ,  晴,3℃ , -3℃,北风 3-4级 , 北风 3-4级
2022-02-08,晴 ,  晴,5℃ , -1℃,西南风 3-4级 , 西南风 3-4级
2022-02-09,晴 ,  晴,7℃ , 1℃,西南风 3-4级 , 西南风 3-4级
2022-02-10,晴 ,  晴,8℃ , 1℃,西南风 3-4级 , 西南风 3-4级
2022-02-11,晴 ,  晴,7℃ , -2℃,北风 4-5级 , 北风 4-5级
2022-02-12,多云 ,  阴,2℃ , -4℃,东北风 4-5级 , 东北风 4-5级
2022-02-13,阴 ,  小到中雪,2℃ , -6℃,东北风 4-5级 , 东北风 4-5级
2022-02-14,阵雪 ,  晴,-5℃ , -9℃,北风 4-5级 , 北风 4-5级
2022-02-15,多云 ,  多云,-7℃ , -9℃,西北风 4-5级 , 西北风 4-5级
2022-02-16,多云 ,  晴,-6℃ , -9℃,北风 4-5级 , 北风 4-5级
2022-02-17,晴 ,  多云,-2℃ , -8℃,北风 3-4级 , 北风 3-4级
2022-02-18,阴 ,  多云,2℃ , -6℃,西南风 4-5级 , 西南风 4-5级
2022-02-19,晴 ,  晴,-4℃ , -7℃,西北风 4-5级 , 西北风 4-5级
2022-02-20,晴 ,  晴,1℃ , -7℃,西北风 4-5级 , 西北风 4-5级
2022-02-21,晴 ,  小雪,-2℃ , -6℃,北风 4-5级 , 北风 4-5级
2022-02-22,晴 ,  晴,-2℃ , -7℃,西北风 4-5级 , 西北风 4-5级
2022-02-23,晴 ,  晴,2℃ , -5℃,西风 4-5级 , 西风 4-5级
2022-02-24,晴 ,  晴,7℃ , 1℃,西南风 4-5级 , 西南风 4-5级
2022-02-25,晴 ,  雨夹雪,9℃ , 3℃,西南风 4-5级 , 西南风 4-5级
2022-02-26,多云 ,  晴,6℃ , 2℃,北风 4-5级 , 北风 4-5级
2022-02-27,晴 ,  晴,10℃ , 2℃,西南风 3-4级 , 西南风 3-4级
2022-02-28,多云 ,  阴,10℃ , 0℃,南风 4-5级 , 南风 4-5级
2022-03-01,晴 ,  晴,5℃ , 1℃,西北风 3-4级 , 西北风 3-4级
2022-03-02,晴 ,  晴,9℃ , 1℃,西南风 4-5级 , 西南风 4-5级
2022-03-03,晴 ,  晴,9℃ , 2℃,东南风 4-5级 , 东南风 4-5级
2022-03-04,晴 ,  晴,13℃ , 1℃,西北风 5-6级 , 西北风 5-6级
2022-03-05,晴 ,  晴,4℃ , 0℃,西北风 5-6级 , 西北风 5-6级
2022-03-06,多云 ,  阴,6℃ , 1℃,南风 4-5级 , 南风 4-5级
2022-03-07,多云 ,  晴,10℃ , 2℃,西南风 4-5级 , 西南风 4-5级
2022-03-08,晴 ,  晴,10℃ , 2℃,南风 3-4级 , 南风 3-4级
2022-03-09,多云 ,  多云,9℃ , 1℃,东南风 4-5级 , 东南风 4-5级
2022-03-10,晴 ,  多云,14℃ , 4℃,南风 4-5级 , 南风 4-5级
2022-03-11,多云 ,  多云,10℃ , 5℃,东北风 4-5级 , 东北风 4-5级
2022-03-12,小到中雨 ,  多云,9℃ , 5℃,南风 4-5级 , 南风 4-5级
2022-03-13,多云 ,  小到中雨,9℃ , 5℃,东北风 4-5级 , 东北风 4-5级
2022-03-14,阴 ,  多云,8℃ , 2℃,西北风 3-4级 , 西北风 3-4级
2022-03-15,多云 ,  多云,13℃ , 3℃,南风 4-5级 , 南风 4-5级
2022-03-16,多云 ,  多云,7℃ , 0℃,东北风 4-5级 , 东北风 4-5级
2022-03-17,多云 ,  多云,5℃ , -1℃,北风 5-6级 , 北风 5-6级
2022-03-18,雨夹雪 ,  中雪,5℃ , -1℃,北风 4-5级 , 北风 4-5级
2022-03-19,多云 ,  晴,3℃ , -2℃,北风 5-6级 , 北风 5-6级
2022-03-20,晴 ,  晴,7℃ , 2℃,北风 3-4级 , 北风 3-4级
2022-03-21,多云 ,  晴,9℃ , 2℃,西南风 3-4级 , 西南风 3-4级
2022-03-22,多云 ,  阴,8℃ , 4℃,西南风 3-4级 , 西南风 3-4级
2022-03-23,晴 ,  多云,11℃ , 5℃,西南风 4-5级 , 西南风 4-5级
2022-03-24,多云 ,  阴,14℃ , 8℃,南风 4-5级 , 南风 4-5级
2022-03-25,中到大雨 ,  小雨,9℃ , 6℃,东北风 4-5级 , 东北风 4-5级
2022-03-26,晴 ,  多云,12℃ , 5℃,西北风 4-5级 , 西北风 4-5级
2022-03-27,晴 ,  晴,10℃ , 5℃,西北风 4-5级 , 西北风 4-5级
2022-03-28,晴 ,  多云,12℃ , 6℃,南风 4-5级 , 南风 4-5级
2022-03-29,多云 ,  小雨,12℃ , 6℃,南风 4-5级 , 南风 4-5级
2022-03-30,多云 ,  晴,10℃ , 4℃,北风 4-5级 , 北风 4-5级
2022-03-31,晴 ,  晴,11℃ , 4℃,西北风 4-5级 , 西北风 4-5级
2022-04-01,晴 ,  多云,11℃ , 4℃,西北风 3-4级 , 西北风 3-4级
2022-04-02,晴 ,  晴,13℃ , 6℃,西风 1-2级 , 西风 1-2级
2022-04-03,晴 ,  晴,14℃ , 8℃,西南风 4-5级 , 西南风 4-5级
2022-04-04,多云 ,  晴,16℃ , 9℃,南风 3-4级 , 南风 3-4级
2022-04-05,晴 ,  晴,17℃ , 5℃,北风 3-4级 , 北风 3-4级
2022-04-06,阵雨 ,  晴,9℃ , 5℃,东北风 4-5级 , 东北风 4-5级
2022-04-07,晴 ,  晴,14℃ , 7℃,西风 4-5级 , 西风 4-5级
2022-04-08,晴 ,  多云,17℃ , 11℃,南风 4-5级 , 南风 4-5级
2022-04-09,晴 ,  晴,18℃ , 9℃,南风 4-5级 , 南风 4-5级
2022-04-10,晴 ,  晴,20℃ , 11℃,南风 4-5级 , 南风 4-5级
2022-04-11,多云 ,  小到中雨,20℃ , 9℃,北风 5-6级 , 北风 5-6级
2022-04-12,阵雨 ,  多云,15℃ , 8℃,北风 4-5级 , 北风 4-5级
2022-04-13,晴 ,  多云,14℃ , 8℃,东北风 4-5级 , 东北风 4-5级
2022-04-14,多云 ,  晴,12℃ , 8℃,东北风 4-5级 , 东北风 4-5级
2022-04-15,晴 ,  晴,16℃ , 8℃,北风 4-5级 , 北风 4-5级
2022-04-16,晴 ,  晴,17℃ , 10℃,西风 3-4级 , 西风 3-4级
2022-04-17,多云 ,  多云,17℃ , 11℃,西风 4-5级 , 西风 4-5级
2022-04-18,多云 ,  晴,20℃ , 9℃,北风 4-5级 , 北风 4-5级
2022-04-19,晴 ,  晴,19℃ , 12℃,西南风 4-5级 , 西南风 4-5级
2022-04-20,晴 ,  晴,21℃ , 13℃,南风 4-5级 , 南风 4-5级
2022-04-21,多云 ,  阵雨,20℃ , 11℃,南风 4-5级 , 南风 4-5级
2022-04-22,晴 ,  晴,17℃ , 10℃,北风 3-4级 , 北风 3-4级
2022-04-23,晴 ,  多云,19℃ , 12℃,南风 4-5级 , 南风 4-5级
2022-04-24,多云 ,  多云,20℃ , 10℃,东风 3-4级 , 东风 3-4级
2022-04-25,多云 ,  阵雨,17℃ , 11℃,南风 4-5级 , 南风 4-5级
2022-04-26,雷阵雨 ,  晴,21℃ , 11℃,北风 4-5级 , 北风 4-5级
2022-04-27,晴 ,  阴,17℃ , 11℃,北风 3-4级 , 北风 3-4级
2022-04-28,阵雨 ,  多云,15℃ , 9℃,北风 4-5级 , 北风 4-5级
2022-04-29,晴 ,  多云,17℃ , 10℃,西南风 3-4级 , 西南风 3-4级
2022-04-30,多云 ,  晴,17℃ , 11℃,西北风 4-5级 , 西北风 4-5级
2022-05-01,晴 ,  晴,20℃ , 10℃,西北风 3-4级 , 西北风 3-4级
2022-05-02,晴 ,  晴,19℃ , 11℃,南风 4-5级 , 南风 4-5级
2022-05-03,晴 ,  晴,23℃ , 15℃,西南风 4-5级 , 西南风 4-5级
2022-05-04,晴 ,  晴,25℃ , 15℃,西南风 4-5级 , 西南风 4-5级
2022-05-05,晴 ,  多云,23℃ , 14℃,南风 4-5级 , 南风 4-5级
2022-05-06,阵雨 ,  多云,18℃ , 12℃,北风 4-5级 , 北风 4-5级
2022-05-07,晴 ,  多云,18℃ , 12℃,北风 4-5级 , 北风 4-5级
2022-05-08,阵雨 ,  多云,15℃ , 10℃,北风 3-4级 , 北风 3-4级
2022-05-09,晴 ,  多云,17℃ , 11℃,北风 3-4级 , 北风 3-4级
2022-05-10,多云 ,  阴,16℃ , 11℃,南风 3-4级 , 南风 3-4级
2022-05-11,多云 ,  阴,18℃ , 12℃,北风 3-4级 , 北风 3-4级
2022-05-12,多云 ,  多云,19℃ , 12℃,西北风 3-4级 , 西北风 3-4级
2022-05-13,多云 ,  晴,20℃ , 13℃,西风 4-5级 , 西风 4-5级
2022-05-14,晴 ,  晴,20℃ , 12℃,西北风 4-5级 , 西北风 4-5级
2022-05-15,晴 ,  晴,21℃ , 14℃,西南风 3-4级 , 西南风 3-4级
2022-05-16,晴 ,  晴,23℃ , 13℃,西风 3-4级 , 西风 3-4级
2022-05-17,晴 ,  多云,20℃ , 13℃,南风 3-4级 , 南风 3-4级
2022-05-18,晴 ,  晴,24℃ , 13℃,北风 3-4级 , 北风 3-4级
2022-05-19,晴 ,  多云,22℃ , 15℃,南风 3-4级 , 南风 3-4级
2022-05-20,晴 ,  晴,24℃ , 16℃,南风 3-4级 , 南风 3-4级
2022-05-21,晴 ,  晴,25℃ , 18℃,西南风 4-5级 , 西南风 4-5级
2022-05-22,晴 ,  晴,28℃ , 16℃,西风 3-4级 , 西风 3-4级
2022-05-23,晴 ,  晴,29℃ , 18℃,西南风 4-5级 , 西南风 4-5级
2022-05-24,晴 ,  雷阵雨,28℃ , 15℃,南风 4-5级 , 南风 4-5级
2022-05-25,多云 ,  晴,23℃ , 15℃,北风 4-5级 , 北风 4-5级
2022-05-26,多云 ,  多云,25℃ , 16℃,西北风 4-5级 , 西北风 4-5级
2022-05-27,晴 ,  多云,26℃ , 18℃,西南风 4-5级 , 西南风 4-5级
2022-05-28,晴 ,  多云,28℃ , 18℃,西南风 4-5级 , 西南风 4-5级
2022-05-29,雷阵雨 ,  中雨,26℃ , 16℃,南风 4-5级 , 南风 4-5级
2022-05-30,晴 ,  晴,25℃ , 17℃,西北风 4-5级 , 西北风 4-5级
2022-05-31,多云 ,  雷阵雨,26℃ , 16℃,西南风 4-5级 , 西南风 4-5级
2022-06-01,晴 ,  晴,25℃ , 17℃,南风 3-4级 , 南风 3-4级
2022-06-02,晴 ,  多云,28℃ , 16℃,东南风 3-4级 , 东南风 3-4级
2022-06-03,多云 ,  多云,24℃ , 19℃,东南风 4-5级 , 东南风 4-5级
2022-06-04,多云 ,  阴,22℃ , 17℃,东南风 4-5级 , 东南风 4-5级
2022-06-05,多云 ,  阴,21℃ , 17℃,东南风 4-5级 , 东南风 4-5级
2022-06-06,雷阵雨 ,  阵雨,21℃ , 16℃,东北风 4-5级 , 东北风 4-5级
2022-06-07,多云 ,  多云,21℃ , 15℃,东北风 3-4级 , 东北风 3-4级
2022-06-08,多云 ,  多云,20℃ , 17℃,东风 3-4级 , 东风 3-4级
2022-06-09,多云 ,  小到中雨,22℃ , 18℃,东南风 4-5级 , 东南风 4-5级
2022-06-10,雷阵雨 ,  多云,22℃ , 17℃,东南风 4-5级 , 东南风 4-5级
2022-06-11,多云 ,  多云,23℃ , 18℃,东南风 4-5级 , 东南风 4-5级
2022-06-12,雷阵雨 ,  阴,23℃ , 18℃,南风 4-5级 , 南风 4-5级
2022-06-13,雷阵雨 ,  雷阵雨,23℃ , 18℃,东南风 4-5级 , 东南风 4-5级
2022-06-14,中雨 ,  中到大雨,21℃ , 17℃,东南风 4-5级 , 东南风 4-5级
2022-06-15,阵雨 ,  晴,21℃ , 17℃,东风 3-4级 , 东风 3-4级
2022-06-16,晴 ,  多云,26℃ , 19℃,南风 3-4级 , 南风 3-4级
2022-06-17,多云 ,  多云,23℃ , 19℃,东南风 4-5级 , 东南风 4-5级
2022-06-18,阴 ,  多云,23℃ , 19℃,东南风 4-5级 , 东南风 4-5级
2022-06-19,多云 ,  阴,24℃ , 19℃,东风 3-4级 , 东风 3-4级
2022-06-20,多云 ,  多云,25℃ , 20℃,东南风 3-4级 , 东南风 3-4级
2022-06-21,多云 ,  多云,26℃ , 20℃,南风 3-4级 , 南风 3-4级
2022-06-22,多云 ,  中到大雨,25℃ , 20℃,东南风 4-5级 , 东南风 4-5级
2022-06-23,雷阵雨 ,  晴,27℃ , 21℃,西北风 4-5级 , 西北风 4-5级
2022-06-24,晴 ,  多云,30℃ , 22℃,西北风 4-5级 , 西北风 4-5级
2022-06-25,多云 ,  雷阵雨,30℃ , 20℃,西南风 4-5级 , 西南风 4-5级
2022-06-26,多云 ,  中到大雨,30℃ , 21℃,东风 4-5级 , 东风 4-5级
2022-06-27,大到暴雨 ,  小雨,26℃ , 21℃,东南风 5-6级 , 东南风 5-6级
2022-06-28,阴 ,  多云,27℃ , 21℃,北风 3-4级 , 北风 3-4级
2022-06-29,多云 ,  阵雨,27℃ , 21℃,西北风 3-4级 , 西北风 3-4级
2022-06-30,多云 ,  雷阵雨,26℃ , 21℃,东风 3-4级 , 东风 3-4级
2022-07-01,多云 ,  雷阵雨,26℃ , 21℃,南风 4-5级 , 南风 4-5级
2022-07-02,阴 ,  阴,27℃ , 22℃,南风 4-5级 , 南风 4-5级
2022-07-03,多云 ,  多云,26℃ , 22℃,东南风 3-4级 , 东南风 3-4级
2022-07-04,多云 ,  多云,26℃ , 22℃,东南风 3-4级 , 东南风 3-4级
2022-07-05,多云 ,  雷阵雨,27℃ , 22℃,东南风 3-4级 , 东南风 3-4级
2022-07-06,大雨 ,  暴雨,26℃ , 22℃,东南风 4-5级 , 东南风 4-5级
2022-07-07,阵雨 ,  多云,28℃ , 23℃,南风 4-5级 , 南风 4-5级
2022-07-08,晴 ,  多云,31℃ , 23℃,西南风 3-4级 , 西南风 3-4级
2022-07-09,晴 ,  晴,31℃ , 23℃,西南风 3-4级 , 西南风 3-4级
2022-07-10,雷阵雨 ,  多云,27℃ , 22℃,东风 3-4级 , 东风 3-4级
2022-07-11,多云 ,  多云,26℃ , 22℃,东风 3-4级 , 东风 3-4级
2022-07-12,雷阵雨 ,  大雨,26℃ , 22℃,东南风 4-5级 , 东南风 4-5级
2022-07-13,阴 ,  多云,28℃ , 22℃,北风 4-5级 , 北风 4-5级
2022-07-14,晴 ,  晴,29℃ , 22℃,南风 3-4级 , 南风 3-4级
2022-07-15,晴 ,  晴,30℃ , 23℃,西北风 4-5级 , 西北风 4-5级
2022-07-16,晴 ,  晴,30℃ , 23℃,北风 3-4级 , 北风 3-4级
2022-07-17,多云 ,  多云,30℃ , 23℃,南风 3-4级 , 南风 3-4级
2022-07-18,多云 ,  晴,30℃ , 23℃,西北风 3-4级 , 西北风 3-4级
2022-07-19,晴 ,  多云,31℃ , 23℃,西南风 3-4级 , 西南风 3-4级
2022-07-20,阵雨 ,  雷阵雨,29℃ , 22℃,西南风 3-4级 , 西南风 3-4级
2022-07-21,阵雨 ,  多云,29℃ , 22℃,西风 3-4级 , 西风 3-4级
2022-07-22,晴 ,  雷阵雨,29℃ , 23℃,北风 3-4级 , 北风 3-4级
2022-07-23,雷阵雨 ,  多云,27℃ , 21℃,东南风 3-4级 , 东南风 3-4级
2022-07-24,晴 ,  晴,29℃ , 23℃,西南风 3-4级 , 西南风 3-4级
2022-07-25,晴 ,  晴,30℃ , 23℃,南风 3-4级 , 南风 3-4级
2022-07-26,晴 ,  晴,28℃ , 23℃,东南风 3-4级 , 东南风 3-4级
2022-07-27,多云 ,  多云,29℃ , 24℃,东南风 3-4级 , 东南风 3-4级
2022-07-28,雷阵雨 ,  小到中雨,28℃ , 24℃,东南风 4-5级 , 东南风 4-5级
2022-07-29,中雨 ,  小雨,28℃ , 24℃,南风 4-5级 , 南风 4-5级
2022-07-30,阴 ,  多云,29℃ , 24℃,东南风 3-4级 , 东南风 3-4级
2022-07-31,多云 ,  多云,28℃ , 24℃,东风 3-4级 , 东风 3-4级
2022-08-01,多云 ,  多云,30℃ , 25℃,东北风 3-4级 , 东北风 3-4级
2022-08-02,多云 ,  多云,31℃ , 26℃,北风 3-4级 , 北风 3-4级
2022-08-03,晴 ,  晴,32℃ , 26℃,西南风 3-4级 , 西南风 3-4级
2022-08-04,多云 ,  雷阵雨,32℃ , 26℃,西南风 3-4级 , 西南风 3-4级
2022-08-05,多云 ,  多云,31℃ , 25℃,西南风 3-4级 , 西南风 3-4级
2022-08-06,多云 ,  多云,31℃ , 25℃,南风 3-4级 , 南风 3-4级
2022-08-07,中到大雨 ,  小到中雨,29℃ , 24℃,西南风 4-5级 , 西南风 4-5级
2022-08-08,多云 ,  多云,30℃ , 23℃,东北风 4-5级 , 东北风 4-5级
2022-08-09,小雨 ,  多云,27℃ , 21℃,东北风 3-4级 , 东北风 3-4级
2022-08-10,晴 ,  多云,28℃ , 22℃,西南风 3-4级 , 西南风 3-4级
2022-08-11,多云 ,  晴,29℃ , 23℃,西南风 3-4级 , 西南风 3-4级
2022-08-12,多云 ,  雷阵雨,29℃ , 24℃,东南风 3-4级 , 东南风 3-4级
2022-08-13,多云 ,  多云,29℃ , 24℃,东风 3-4级 , 东风 3-4级
2022-08-14,小到中雨 ,  大雨,30℃ , 26℃,东南风 4-5级 , 东南风 4-5级
2022-08-15,雷阵雨 ,  晴,29℃ , 22℃,西北风 4-5级 , 西北风 4-5级
2022-08-16,晴 ,  多云,28℃ , 23℃,北风 4-5级 , 北风 4-5级
2022-08-17,晴 ,  晴,29℃ , 22℃,北风 3-4级 , 北风 3-4级
2022-08-18,雷阵雨 ,  大雨,28℃ , 24℃,南风 5-6级 , 南风 5-6级
2022-08-19,多云 ,  晴,30℃ , 22℃,西风 4-5级 , 西风 4-5级
2022-08-20,晴 ,  晴,28℃ , 20℃,北风 3-4级 , 北风 3-4级
2022-08-21,多云 ,  中雨,28℃ , 23℃,南风 4-5级 , 南风 4-5级
2022-08-22,中到大雨 ,  多云,26℃ , 21℃,北风 4-5级 , 北风 4-5级
2022-08-23,晴 ,  晴,26℃ , 20℃,北风 4-5级 , 北风 4-5级
2022-08-24,晴 ,  多云,28℃ , 22℃,北风 3-4级 , 北风 3-4级
2022-08-25,多云 ,  晴,27℃ , 20℃,西风 4-5级 , 西风 4-5级
2022-08-26,雷阵雨 ,  晴,28℃ , 18℃,北风 4-5级 , 北风 4-5级
2022-08-27,晴 ,  晴,25℃ , 19℃,北风 4-5级 , 北风 4-5级
2022-08-28,多云 ,  阵雨,24℃ , 18℃,南风 3-4级 , 南风 3-4级
2022-08-29,小雨 ,  阴,23℃ , 18℃,南风 4-5级 , 南风 4-5级
2022-08-30,多云 ,  晴,24℃ , 19℃,东北风 3-4级 , 东北风 3-4级
2022-08-31,晴 ,  晴,26℃ , 18℃,西北风 4-5级 , 西北风 4-5级
2022-09-01,晴 ,  晴,25℃ , 16℃,北风 4-5级 , 北风 4-5级
2022-09-02,晴 ,  晴,26℃ , 18℃,东北风 3-4级 , 东北风 3-4级
2022-09-03,多云 ,  小雨,25℃ , 21℃,东风 4-5级 , 东风 4-5级
2022-09-04,小到中雨 ,  多云,25℃ , 18℃,东北风 4-5级 , 东北风 4-5级
2022-09-05,雷阵雨 ,  多云,25℃ , 17℃,北风 4-5级 , 北风 4-5级
2022-09-06,晴 ,  晴,26℃ , 19℃,西风 4-5级 , 西风 4-5级
2022-09-07,晴 ,  晴,28℃ , 20℃,西风 3-4级 , 西风 3-4级
2022-09-08,晴 ,  晴,28℃ , 19℃,西南风 3-4级 , 西南风 3-4级
2022-09-09,晴 ,  晴,27℃ , 20℃,南风 3-4级 , 南风 3-4级
2022-09-10,多云 ,  多云,27℃ , 20℃,东南风 3-4级 , 东南风 3-4级
2022-09-11,晴 ,  晴,25℃ , 20℃,东南风 3-4级 , 东南风 3-4级
2022-09-12,晴 ,  晴,26℃ , 19℃,东南风 3-4级 , 东南风 3-4级
2022-09-13,晴 ,  多云,27℃ , 20℃,东北风 4-5级 , 东北风 4-5级
2022-09-14,小到中雨 ,  大雨,25℃ , 19℃,东风 4-5级 , 东风 4-5级
2022-09-15,暴雨 ,  暴雨,23℃ , 20℃,东风 5-6级 , 东风 5-6级
2022-09-16,暴雨 ,  多云,23℃ , 18℃,北风 5-6级 , 北风 5-6级
2022-09-17,晴 ,  晴,26℃ , 21℃,西南风 4-5级 , 西南风 4-5级
2022-09-18,晴 ,  晴,26℃ , 17℃,北风 5-6级 , 北风 5-6级
2022-09-19,晴 ,  晴,21℃ , 14℃,北风 5-6级 , 北风 5-6级
2022-09-20,晴 ,  晴,21℃ , 14℃,北风 4-5级 , 北风 4-5级
2022-09-21,晴 ,  多云,23℃ , 18℃,南风 4-5级 , 南风 4-5级
2022-09-22,雷阵雨 ,  雷阵雨,23℃ , 12℃,西南风 5-6级 , 西南风 5-6级
2022-09-23,多云 ,  晴,21℃ , 15℃,西北风 5-6级 , 西北风 5-6级
2022-09-24,晴 ,  晴,23℃ , 18℃,西风 3-4级 , 西风 3-4级
2022-09-25,晴 ,  晴,23℃ , 18℃,西南风 4-5级 , 西南风 4-5级
2022-09-26,晴 ,  晴,24℃ , 17℃,西南风 3-4级 , 西南风 3-4级
2022-09-27,晴 ,  晴,24℃ , 17℃,南风 3-4级 , 南风 3-4级
2022-09-28,晴 ,  晴,23℃ , 18℃,南风 3-4级 , 南风 3-4级
2022-09-29,晴 ,  晴,24℃ , 19℃,南风 3-4级 , 南风 3-4级
2022-09-30,晴 ,  晴,25℃ , 19℃,南风 3-4级 , 南风 3-4级
2022-10-01,多云 ,  阵雨,23℃ , 17℃,南风 4-5级 , 南风 4-5级
2022-10-02,小到中雨 ,  多云,21℃ , 16℃,东风 4-5级 , 东风 4-5级
2022-10-03,小到中雨 ,  阴,20℃ , 9℃,北风 5-6级 , 北风 5-6级
2022-10-04,晴 ,  晴,12℃ , 8℃,北风 6-7级 , 北风 6-7级
2022-10-05,晴 ,  多云,13℃ , 9℃,北风 4-5级 , 北风 4-5级
2022-10-06,多云 ,  晴,16℃ , 11℃,西风 3-4级 , 西风 3-4级
2022-10-07,晴 ,  晴,18℃ , 13℃,西南风 3-4级 , 西南风 3-4级
2022-10-08,多云 ,  中到大雨,19℃ , 13℃,南风 4-5级 , 南风 4-5级
2022-10-09,中雨 ,  雷阵雨,15℃ , 7℃,西北风 5-6级 , 西北风 5-6级
2022-10-10,阴 ,  晴,13℃ , 8℃,西北风 5-6级 , 西北风 5-6级
2022-10-11,晴 ,  晴,17℃ , 11℃,西北风 3-4级 , 西北风 3-4级
2022-10-12,晴 ,  多云,18℃ , 13℃,西南风 3-4级 , 西南风 3-4级
2022-10-13,多云 ,  多云,18℃ , 13℃,西南风 3-4级 , 西南风 3-4级
2022-10-14,多云 ,  多云,18℃ , 12℃,西南风 3-4级 , 西南风 3-4级
2022-10-15,多云 ,  阴,19℃ , 11℃,西南风 3-4级 , 西南风 3-4级
2022-10-16,多云 ,  晴,14℃ , 9℃,北风 4-5级 , 北风 4-5级
2022-10-17,晴 ,  晴,13℃ , 7℃,西北风 4-5级 , 西北风 4-5级
2022-10-18,晴 ,  晴,15℃ , 10℃,西北风 3-4级 , 西北风 3-4级
2022-10-19,晴 ,  晴,18℃ , 13℃,西南风 4-5级 , 西南风 4-5级
2022-10-20,多云 ,  多云,17℃ , 14℃,西南风 4-5级 , 西南风 4-5级
2022-10-21,晴 ,  多云,19℃ , 13℃,西南风 4-5级 , 西南风 4-5级
2022-10-22,晴 ,  晴,17℃ , 9℃,北风 4-5级 , 北风 4-5级
2022-10-23,多云 ,  晴,18℃ , 8℃,北风 4-5级 , 北风 4-5级
2022-10-24,晴 ,  晴,16℃ , 11℃,南风 4-5级 , 南风 4-5级
2022-10-25,晴 ,  多云,18℃ , 14℃,南风 4-5级 , 南风 4-5级
2022-10-26,阴 ,  阴,17℃ , 9℃,南风 4-5级 , 南风 4-5级
2022-10-27,晴 ,  晴,14℃ , 6℃,北风 4-5级 , 北风 4-5级
2022-10-28,晴 ,  晴,12℃ , 6℃,北风 4-5级 , 北风 4-5级
2022-10-29,晴 ,  晴,13℃ , 7℃,北风 3-4级 , 北风 3-4级
2022-10-30,多云 ,  阵雨,15℃ , 11℃,南风 3-4级 , 南风 3-4级
2022-10-31,阴 ,  晴,16℃ , 8℃,西南风 4-5级 , 西南风 4-5级
2022-11-01,晴 ,  晴,12℃ , 6℃,北风 4-5级 , 北风 4-5级
2022-11-02,小雨 ,  小到中雨,13℃ , 2℃,南风 4-5级 , 南风 4-5级
2022-11-03,多云 ,  晴,7℃ , 3℃,北风 4-5级 , 北风 4-5级
2022-11-04,晴 ,  晴,11℃ , 6℃,西北风 4-5级 , 西北风 4-5级
2022-11-05,晴 ,  晴,14℃ , 8℃,西风 4-5级 , 西风 4-5级
2022-11-06,阴 ,  小雨,16℃ , 10℃,西南风 4-5级 , 西南风 4-5级
2022-11-07,多云 ,  晴,16℃ , 6℃,北风 3-4级 , 北风 3-4级
2022-11-08,晴 ,  多云,15℃ , 9℃,西南风 3-4级 , 西南风 3-4级
2022-11-09,多云 ,  阵雨,16℃ , 12℃,西南风 3-4级 , 南风 3-4级
2022-11-10,阵雨 ,  多云,16℃ , 14℃,东南风 3-4级 , 南风 3-4级
2022-11-11,阴 ,  小雨,16℃ , 14℃,南风 3-4级 , 南风 4-5级
2022-11-12,中雨 ,  多云,16℃ , 2℃,北风 6-7级 , 北风 5-6级
2022-11-13,晴 ,  多云,6℃ , 2℃,北风 5-6级 , 西北风 4-5级
2022-11-14,晴 ,  晴,12℃ , 7℃,西风 4-5级 , 西风 4-5级
2022-11-15,晴 ,  晴,13℃ , 5℃,西北风 3-4级 , 西风 3-4级
2022-11-16,晴 ,  晴,14℃ , 9℃,西南风 3-4级 , 西南风 4-5级
2022-11-17,晴 ,  多云,16℃ , 8℃,西南风 3-4级 , 西南风 3-4级
2022-11-18,多云 ,  多云,13℃ , 9℃,东风 3-4级 , 南风 3-4级
2022-11-19,多云 ,  多云,15℃ , 8℃,西南风 3-4级 , 东北风 3-4级
2022-11-20,多云 ,  多云,12℃ , 6℃,东北风 3-4级 , 东北风 4-5级
2022-11-21,多云 ,  晴,10℃ , 3℃,东北风 4-5级 , 东北风 4-5级
2022-11-22,多云 ,  多云,8℃ , 4℃,北风 3-4级 , 西风 3-4级
2022-11-23,晴 ,  多云,13℃ , 7℃,西风 3-4级 , 南风 3-4级
2022-11-24,多云 ,  多云,15℃ , 11℃,西南风 4-5级 , 西南风 4-5级
2022-11-25,阴 ,  晴,16℃ , 2℃,西南风 4-5级 , 西北风 4-5级
2022-11-26,晴 ,  多云,10℃ , 1℃,北风 4-5级 , 南风 4-5级
2022-11-27,小到中雨 ,  中到大雨,13℃ , 9℃,南风 4-5级 , 南风 4-5级
2022-11-28,小雨 ,  多云,12℃ , -3℃,北风 4-5级 , 北风 5-6级
2022-11-29,阴 ,  阵雪,-2℃ , -7℃,北风 5-6级 , 北风 5-6级
2022-11-30,阵雪 ,  多云,-1℃ , -9℃,西北风 4-5级 , 西北风 4-5级
2022-12-01,多云 ,  多云,0℃ , -3℃,西北风 4-5级 , 西风 4-5级
2022-12-02,多云 ,  多云,5℃ , -1℃,西南风 4-5级 , 北风 4-5级
2022-12-03,多云 ,  多云,0℃ , -6℃,北风 4-5级 , 北风 4-5级
2022-12-04,晴 ,  晴,1℃ , -6℃,北风 3-4级 , 西北风 3-4级
2022-12-05,晴 ,  晴,4℃ , 0℃,西风 4-5级 , 西风 4-5级
2022-12-06,晴 ,  晴,5℃ , 2℃,西北风 4-5级 , 西北风 4-5级
2022-12-07,晴 ,  晴,6℃ , 2℃,西北风 4-5级 , 西风 3-4级
2022-12-08,晴 ,  晴,9℃ , 1℃,东风 3-4级 , 北风 3-4级
2022-12-09,多云 ,  阵雪,7℃ , 0℃,北风 3-4级 , 北风 4-5级
2022-12-10,中到大雪 ,  晴,2℃ , -3℃,北风 4-5级 , 北风 4-5级
2022-12-11,多云 ,  多云,4℃ , -3℃,北风 3-4级 , 西南风 4-5级
2022-12-12,多云 ,  晴,5℃ , -1℃,西北风 4-5级 , 西北风 4-5级
2022-12-13,阵雪 ,  多云,1℃ , -7℃,西北风 5-6级 , 西北风 5-6级
2022-12-14,多云 ,  阵雪,2℃ , -6℃,西北风 4-5级 , 西南风 4-5级
2022-12-15,多云 ,  晴,-2℃ , -8℃,北风 4-5级 , 北风 4-5级
2022-12-16,多云 ,  阵雪,-3℃ , -9℃,西北风 4-5级 , 西北风 4-5级
2022-12-17,阵雪 ,  阵雪,-7℃ , -10℃,西北风 4-5级 , 西北风 4-5级
2022-12-18,多云 ,  多云,-2℃ , -10℃,西北风 4-5级 , 西北风 3-4级
2022-12-19,晴 ,  晴,3℃ , -4℃,北风 3-4级 , 南风 3-4级
2022-12-20,多云 ,  多云,7℃ , -1℃,西南风 4-5级 , 西北风 4-5级
2022-12-21,晴 ,  多云,-1℃ , -8℃,北风 4-5级 , 北风 4-5级
2022-12-22,阵雪 ,  多云,-7℃ , -10℃,北风 5-6级 , 北风 5-6级
2022-12-23,阴 ,  多云,-5℃ , -10℃,北风 5-6级 , 北风 5-6级
2022-12-24,多云 ,  晴,-2℃ , -6℃,北风 4-5级 , 北风 4-5级
2022-12-25,晴 ,  晴,-2℃ , -5℃,北风 4-5级 , 北风 3-4级
2022-12-26,晴 ,  晴,0℃ , -5℃,北风 3-4级 , 北风 3-4级
2022-12-27,多云 ,  多云,3℃ , -6℃,西北风 4-5级 , 西北风 4-5级
2022-12-28,晴 ,  晴,0℃ , -4℃,西北风 4-5级 , 西北风 3-4级
2022-12-29,晴 ,  晴,0℃ , -5℃,西北风 4-5级 , 西北风 3-4级
2022-12-30,晴 ,  晴,3℃ , -2℃,西南风 4-5级 , 西南风 4-5级
2022-12-31,晴 ,  晴,5℃ , -4℃,西风 3-4级 , 北风 3-4级
2023-01-01,晴 ,  晴,0℃ , -5℃,北风 4-5级 , 北风 3-4级
2023-01-02,晴 ,  晴,-1℃ , -5℃,北风 3-4级 , 西北风 3-4级
2023-01-03,晴 ,  晴,2℃ , -5℃,西北风 3-4级 , 东风 3-4级
2023-01-04,晴 ,  晴,2℃ , -3℃,东南风 3-4级 , 南风 3-4级
2023-01-05,晴 ,  多云,6℃ , 0℃,西南风 3-4级 , 西南风 3-4级
2023-01-06,阴 ,  晴,6℃ , -4℃,西北风 4-5级 , 西北风 4-5级
2023-01-07,晴 ,  多云,4℃ , -3℃,西南风 3-4级 , 南风 3-4级
2023-01-08,晴 ,  晴,8℃ , -2℃,南风 4-5级 , 北风 4-5级
2023-01-09,晴 ,  晴,2℃ , -3℃,北风 4-5级 , 北风 3-4级
2023-01-10,晴 ,  晴,6℃ , -1℃,西南风 3-4级 , 西南风 3-4级
2023-01-11,多云 ,  多云,7℃ , 3℃,南风 3-4级 , 东南风 3-4级
2023-01-12,小雨 ,  小到中雨,9℃ , 5℃,东南风 3-4级 , 东北风 3-4级
2023-01-13,阴 ,  多云,4℃ , -8℃,北风 5-6级 , 北风 5-6级
2023-01-14,多云 ,  晴,-7℃ , -11℃,北风 5-6级 , 北风 5-6级
2023-01-15,晴 ,  晴,-6℃ , -11℃,北风 4-5级 , 北风 4-5级
2023-01-16,晴 ,  多云,0℃ , -9℃,北风 3-4级 , 西风 4-5级
2023-01-17,晴 ,  晴,3℃ , -6℃,西风 4-5级 , 南风 3-4级
2023-01-18,晴 ,  晴,4℃ , -3℃,西南风 4-5级 , 西南风 4-5级
2023-01-19,晴 ,  晴,5℃ , -9℃,西风 4-5级 , 西北风 5-6级
2023-01-20,晴 ,  晴,-2℃ , -9℃,北风 4-5级 , 南风 3-4级
2023-01-21,晴 ,  多云,4℃ , -2℃,南风 4-5级 , 北风 3-4级
2023-01-22,多云 ,  晴,3℃ , -12℃,北风 4-5级 , 北风 4-5级
2023-01-23,多云 ,  阵雪,-12℃ , -15℃,北风 4-5级 , 北风 4-5级
2023-01-24,阵雪 ,  多云,-8℃ , -16℃,北风 4-5级 , 西北风 4-5级
2023-01-25,晴 ,  晴,-2℃ , -8℃,西南风 4-5级 , 西南风 4-5级
2023-01-26,多云 ,  晴,-1℃ , -9℃,北风 4-5级 , 北风 4-5级
2023-01-27,晴 ,  晴,-4℃ , -5℃,西北风 4-5级 , 西北风 4-5级
2023-01-28,晴 ,  晴,2℃ , -4℃,西北风 3-4级 , 西风 3-4级
2023-01-29,晴 ,  晴,3℃ , -2℃,西北风 4-5级 , 西南风 3-4级
2023-01-30,晴 ,  晴,7℃ , 1℃,南风 3-4级 , 南风 4-5级
2023-01-31,晴 ,  晴,6℃ , -2℃,西北风 3-4级 , 北风 5-6级
2023-02-01,晴 ,  晴,0℃ , -5℃,北风 5-6级 , 北风 4-5级
2023-02-02,多云 ,  多云,-1℃ , -6℃,北风 3-4级 , 西南风 3-4级
2023-02-03,晴 ,  晴,4℃ , -3℃,西南风 3-4级 , 北风 3-4级
2023-02-04,晴 ,  晴,4℃ , -1℃,西南风 3-4级 , 西南风 3-4级
2023-02-05,多云 ,  晴,8℃ , 0℃,西南风 4-5级 , 西南风 3-4级
2023-02-06,多云 ,  晴,5℃ , -2℃,东北风 4-5级 , 东北风 3-4级
2023-02-07,晴 ,  晴,4℃ , -2℃,东北风 3-4级 , 东北风 3-4级
2023-02-08,晴 ,  多云,3℃ , -2℃,北风 3-4级 , 东北风 3-4级
2023-02-09,多云 ,  阴,3℃ , 0℃,东风 3-4级 , 西风 3-4级
2023-02-10,多云 ,  多云,5℃ , 0℃,西风 3-4级 , 西南风 3-4级
2023-02-11,多云 ,  多云,7℃ , 0℃,南风 3-4级 , 东北风 4-5级
2023-02-12,雨夹雪 ,  多云,4℃ , -4℃,北风 4-5级 , 北风 4-5级
2023-02-13,晴 ,  晴,-1℃ , -4℃,北风 4-5级 , 北风 4-5级
2023-02-14,晴 ,  晴,0℃ , -7℃,北风 4-5级 , 北风 4-5级
2023-02-15,晴 ,  晴,0℃ , -6℃,北风 4-5级 , 西南风 3-4级
2023-02-16,晴 ,  晴,6℃ , 0℃,西南风 3-4级 , 西南风 3-4级
2023-02-17,多云 ,  多云,7℃ , 2℃,南风 3-4级 , 南风 3-4级
2023-02-18,小雨 ,  小雪,6℃ , -2℃,南风 3-4级 , 西北风 4-5级
2023-02-19,晴 ,  晴,5℃ , -4℃,西北风 4-5级 , 北风 4-5级
2023-02-20,晴 ,  晴,0℃ , -5℃,北风 4-5级 , 北风 3-4级
2023-02-21,晴 ,  多云,1℃ , -4℃,北风 3-4级 , 西南风 3-4级
2023-02-22,多云 ,  晴,6℃ , 1℃,西南风 4-5级 , 西南风 3-4级
2023-02-23,多云 ,  多云,7℃ , -2℃,东南风 3-4级 , 北风 4-5级
2023-02-24,晴 ,  晴,1℃ , -2℃,北风 4-5级 , 北风 4-5级
2023-02-25,晴 ,  晴,4℃ , 0℃,西北风 3-4级 , 西风 3-4级
2023-02-26,晴 ,  晴,8℃ , 2℃,西南风 3-4级 , 西南风 3-4级
2023-02-27,晴 ,  多云,10℃ , 3℃,南风 4-5级 , 西南风 4-5级
2023-02-28,多云 ,  晴,9℃ , 0℃,西南风 4-5级 , 北风 3-4级
2023-03-01,多云 ,  晴,9℃ , -2℃,西北风 4-5级 , 西北风 4-5级
2023-03-02,晴 ,  晴,8℃ , 1℃,西南风 4-5级 , 西南风 4-5级
2023-03-03,晴 ,  晴,11℃ , 2℃,西南风 3-4级 , 东北风 3-4级
2023-03-04,晴 ,  多云,9℃ , 3℃,东风 3-4级 , 东南风 3-4级
2023-03-05,多云 ,  多云,12℃ , 3℃,南风 4-5级 , 南风 4-5级
2023-03-06,多云 ,  晴,15℃ , 3℃,南风 4-5级 , 东北风 3-4级
2023-03-07,多云 ,  阴,11℃ , 4℃,南风 4-5级 , 东北风 4-5级
2023-03-08,阴 ,  多云,10℃ , 3℃,东北风 4-5级 , 西南风 3-4级
2023-03-09,晴 ,  晴,13℃ , 5℃,西南风 3-4级 , 东南风 4-5级
2023-03-10,多云 ,  阴,13℃ , 4℃,东南风 4-5级 , 北风 4-5级
2023-03-11,阴 ,  多云,11℃ , 1℃,北风 4-5级 , 北风 5-6级
2023-03-12,晴 ,  晴,4℃ , -2℃,北风 5-6级 , 西南风 3-4级
2023-03-13,多云 ,  多云,11℃ , 4℃,南风 4-5级 , 南风 4-5级
2023-03-14,多云 ,  多云,13℃ , 4℃,南风 4-5级 , 北风 4-5级
2023-03-15,晴 ,  晴,7℃ , 2℃,西北风 4-5级 , 北风 3-4级
2023-03-16,晴 ,  多云,7℃ , 1℃,西北风 3-4级 , 南风 3-4级
2023-03-17,多云 ,  多云,7℃ , 3℃,西南风 3-4级 , 西风 3-4级
2023-03-18,晴 ,  晴,9℃ , 3℃,西风 3-4级 , 西南风 3-4级
2023-03-19,多云 ,  多云,12℃ , 6℃,西南风 3-4级 , 南风 4-5级
2023-03-20,阴 ,  晴,12℃ , 5℃,南风 4-5级 , 南风 4-5级
2023-03-21,晴 ,  多云,12℃ , 7℃,南风 4-5级 , 南风 4-5级
2023-03-22,多云 ,  晴,14℃ , 6℃,北风 3-4级 , 北风 4-5级
2023-03-23,晴 ,  晴,10℃ , 2℃,北风 4-5级 , 北风 4-5级
2023-03-24,晴 ,  晴,7℃ , 2℃,北风 4-5级 , 北风 3-4级
2023-03-25,多云 ,  晴,9℃ , 2℃,北风 3-4级 , 北风 3-4级
2023-03-26,晴 ,  阴,9℃ , 3℃,北风 4-5级 , 南风 3-4级
2023-03-27,多云 ,  晴,13℃ , 3℃,南风 3-4级 , 北风 3-4级
2023-03-28,晴 ,  阴,12℃ , 6℃,东南风 3-4级 , 南风 4-5级
2023-03-29,多云 ,  晴,16℃ , 8℃,西南风 4-5级 , 西南风 3-4级
2023-03-30,晴 ,  晴,19℃ , 9℃,西南风 3-4级 , 西南风 3-4级
2023-03-31,晴 ,  晴,16℃ , 8℃,南风 3-4级 , 南风 3-4级
2023-04-01,晴 ,  晴,17℃ , 9℃,南风 3-4级 , 东南风 3-4级
2023-04-02,晴 ,  晴,18℃ , 8℃,东南风 3-4级 , 东南风 3-4级
2023-04-03,多云 ,  阴,17℃ , 9℃,东风 3-4级 , 东北风 4-5级
2023-04-04,中雨 ,  中到大雨,13℃ , 9℃,东北风 5-6级 , 东北风 5-6级
2023-04-05,小雨 ,  多云,12℃ , 7℃,北风 5-6级 , 北风 4-5级
2023-04-06,多云 ,  晴,14℃ , 6℃,西风 3-4级 , 北风 4-5级
2023-04-07,晴 ,  晴,10℃ , 6℃,西北风 4-5级 , 西风 4-5级
2023-04-08,晴 ,  晴,15℃ , 8℃,西风 4-5级 , 西南风 4-5级
2023-04-09,晴 ,  多云,18℃ , 11℃,西南风 4-5级 , 西南风 4-5级
2023-04-10,多云 ,  多云,20℃ , 12℃,西南风 4-5级 , 西北风 5-6级
2023-04-11,晴 ,  晴,16℃ , 7℃,西北风 5-6级 , 西风 3-4级
2023-04-12,多云 ,  阴,17℃ , 10℃,西南风 4-5级 , 西南风 4-5级
2023-04-13,多云 ,  多云,18℃ , 9℃,西南风 4-5级 , 东北风 3-4级
2023-04-14,多云 ,  多云,15℃ , 8℃,东北风 4-5级 , 西北风 3-4级
2023-04-15,晴 ,  晴,16℃ , 8℃,西南风 3-4级 , 西北风 3-4级
2023-04-16,晴 ,  多云,16℃ , 8℃,北风 4-5级 , 南风 3-4级
2023-04-17,雷阵雨 ,  雷阵雨,14℃ , 8℃,东南风 4-5级 , 东南风 4-5级
2023-04-18,晴 ,  晴,17℃ , 8℃,东北风 3-4级 , 西南风 3-4级
2023-04-19,晴 ,  多云,17℃ , 9℃,南风 4-5级 , 南风 4-5级
2023-04-20,多云 ,  多云,19℃ , 12℃,东北风 4-5级 , 东北风 4-5级
2023-04-21,多云 ,  多云,17℃ , 10℃,东北风 4-5级 , 北风 3-4级
2023-04-22,多云 ,  多云,16℃ , 9℃,北风 4-5级 , 北风 3-4级
2023-04-23,多云 ,  多云,17℃ , 10℃,东北风 4-5级 , 东北风 3-4级
2023-04-24,晴 ,  多云,16℃ , 9℃,东北风 3-4级 , 西南风 3-4级
2023-04-25,小雨 ,  多云,15℃ , 8℃,西南风 4-5级 , 北风 4-5级
2023-04-26,晴 ,  阴,16℃ , 9℃,西北风 4-5级 , 南风 4-5级
2023-04-27,多云 ,  多云,19℃ , 12℃,南风 4-5级 , 南风 4-5级
2023-04-28,阴 ,  雷阵雨,17℃ , 9℃,南风 4-5级 , 西北风 4-5级
2023-04-29,多云 ,  晴,16℃ , 8℃,西北风 5-6级 , 西风 4-5级
2023-04-30,晴 ,  多云,20℃ , 11℃,北风 4-5级 , 西南风 3-4级
2023-05-01,晴 ,  多云,20℃ , 12℃,南风 3-4级 , 南风 4-5级
2023-05-02,多云 ,  晴,21℃ , 12℃,南风 4-5级 , 南风 4-5级
2023-05-03,多云 ,  阴,19℃ , 13℃,东南风 4-5级 , 东南风 4-5级
2023-05-04,中雨 ,  大雨,15℃ , 13℃,东风 4-5级 , 东北风 4-5级
2023-05-05,小雨 ,  多云,18℃ , 13℃,北风 5-6级 , 北风 5-6级
2023-05-06,晴 ,  晴,21℃ , 13℃,北风 4-5级 , 北风 3-4级
2023-05-07,晴 ,  晴,22℃ , 12℃,北风 4-5级 , 北风 3-4级
2023-05-08,晴 ,  晴,22℃ , 14℃,西风 3-4级 , 西风 3-4级
2023-05-09,晴 ,  晴,24℃ , 15℃,北风 3-4级 , 西南风 3-4级
2023-05-10,晴 ,  晴,24℃ , 14℃,西南风 3-4级 , 东风 3-4级
2023-05-11,多云 ,  多云,24℃ , 14℃,东南风 3-4级 , 西南风 3-4级
2023-05-12,晴 ,  雷阵雨,23℃ , 13℃,南风 4-5级 , 南风 4-5级
2023-05-13,多云 ,  晴,21℃ , 13℃,南风 3-4级 , 东南风 3-4级
2023-05-14,晴 ,  多云,22℃ , 12℃,东南风 4-5级 , 南风 4-5级
2023-05-15,晴 ,  晴,20℃ , 13℃,南风 4-5级 , 南风 4-5级
2023-05-16,晴 ,  多云,27℃ , 15℃,南风 4-5级 , 南风 4-5级
2023-05-17,阴 ,  中雨,22℃ , 15℃,北风 1-2级 , 东北风 1-2级
2023-05-18,晴 ,  多云,23℃ , 13℃,东北风 3-4级 , 东南风 3-4级
2023-05-19,多云 ,  雷阵雨,22℃ , 14℃,东南风 4-5级 , 南风 4-5级
2023-05-20,多云 ,  晴,23℃ , 15℃,西风 4-5级 , 西风 4-5级
2023-05-21,晴 ,  晴,22℃ , 15℃,西北风 4-5级 , 北风 3-4级
2023-05-22,晴 ,  晴,25℃ , 15℃,西风 3-4级 , 西风 3-4级
2023-05-23,晴 ,  晴,26℃ , 16℃,西北风 3-4级 , 南风 3-4级
2023-05-24,晴 ,  晴,24℃ , 16℃,南风 4-5级 , 南风 4-5级
2023-05-25,多云 ,  多云,21℃ , 15℃,南风 4-5级 , 南风 4-5级
2023-05-26,晴 ,  多云,23℃ , 16℃,南风 3-4级 , 东南风 3-4级
2023-05-27,小雨 ,  小到中雨,19℃ , 16℃,东风 4-5级 , 东北风 4-5级
2023-05-28,多云 ,  多云,22℃ , 16℃,东北风 3-4级 , 东北风 3-4级
2023-05-29,晴 ,  晴,29℃ , 17℃,北风 4-5级 , 东北风 4-5级
2023-05-30,多云 ,  晴,24℃ , 16℃,东北风 3-4级 , 东南风 3-4级
2023-05-31,晴 ,  多云,25℃ , 18℃,西南风 4-5级 , 西南风 4-5级
2023-06-01,多云 ,  多云,25℃ , 17℃,西南风 4-5级 , 北风 4-5级
2023-06-02,晴 ,  晴,28℃ , 18℃,北风 4-5级 , 西风 3-4级
2023-06-03,晴 ,  多云,27℃ , 18℃,西风 4-5级 , 西风 3-4级
2023-06-04,晴 ,  晴,27℃ , 19℃,西风 4-5级 , 西南风 4-5级
2023-06-05,晴 ,  晴,28℃ , 19℃,西南风 4-5级 , 西南风 4-5级
2023-06-06,晴 ,  晴,28℃ , 18℃,北风 4-5级 , 西南风 3-4级
2023-06-07,多云 ,  雷阵雨,30℃ , 18℃,西南风 4-5级 , 东北风 4-5级
2023-06-08,多云 ,  多云,28℃ , 19℃,北风 4-5级 , 西南风 3-4级
2023-06-09,晴 ,  多云,28℃ , 18℃,西南风 4-5级 , 南风 3-4级
2023-06-10,多云 ,  多云,25℃ , 18℃,东风 3-4级 , 东北风 3-4级
2023-06-11,多云 ,  多云,25℃ , 16℃,东风 3-4级 , 西风 3-4级
2023-06-12,多云 ,  雷阵雨,23℃ , 17℃,西南风 3-4级 , 西风 3-4级
2023-06-13,多云 ,  多云,25℃ , 17℃,西南风 3-4级 , 西北风 3-4级
2023-06-14,晴 ,  晴,27℃ , 19℃,西南风 3-4级 , 南风 3-4级
2023-06-15,晴 ,  晴,28℃ , 20℃,南风 3-4级 , 南风 4-5级
2023-06-16,晴 ,  晴,30℃ , 21℃,南风 4-5级 , 南风 3-4级
2023-06-17,晴 ,  晴,26℃ , 19℃,南风 3-4级 , 东南风 3-4级
2023-06-18,晴 ,  多云,27℃ , 19℃,南风 3-4级 , 东风 3-4级
2023-06-19,多云 ,  阵雨,26℃ , 19℃,东南风 3-4级 , 东南风 3-4级
2023-06-20,阴 ,  阴,25℃ , 19℃,东南风 4-5级 , 南风 3-4级
2023-06-21,多云 ,  晴,26℃ , 20℃,西南风 3-4级 , 西北风 3-4级
2023-06-22,晴 ,  晴,29℃ , 20℃,北风 3-4级 , 南风 3-4级
2023-06-23,晴 ,  晴,28℃ , 21℃,东南风 3-4级 , 东南风 3-4级
2023-06-24,晴 ,  晴,29℃ , 21℃,东南风 4-5级 , 东南风 3-4级
2023-06-25,多云 ,  雷阵雨,26℃ , 22℃,东南风 3-4级 , 东北风 3-4级
2023-06-26,中雨 ,  多云,25℃ , 20℃,东北风 4-5级 , 东北风 4-5级
2023-06-27,多云 ,  晴,29℃ , 22℃,西南风 4-5级 , 西南风 4-5级
2023-06-28,多云 ,  大雨,27℃ , 22℃,南风 4-5级 , 南风 4-5级
2023-06-29,阴 ,  晴,27℃ , 21℃,东北风 4-5级 , 西北风 3-4级
2023-06-30,晴 ,  晴,29℃ , 20℃,西南风 4-5级 , 西南风 4-5级
2023-07-01,晴 ,  多云,30℃ , 23℃,西南风 4-5级 , 南风 3-4级
2023-07-02,晴 ,  多云,28℃ , 22℃,南风 3-4级 , 东南风 3-4级
2023-07-03,多云 ,  小雨,27℃ , 22℃,东南风 3-4级 , 东南风 3-4级
2023-07-04,中到大雨 ,  多云,26℃ , 22℃,东南风 3-4级 , 西北风 4-5级
2023-07-05,晴 ,  晴,30℃ , 23℃,西南风 4-5级 , 西南风 4-5级
2023-07-06,晴 ,  多云,31℃ , 23℃,西南风 4-5级 , 西南风 4-5级
2023-07-07,多云 ,  小到中雨,29℃ , 21℃,东南风 4-5级 , 东南风 4-5级
2023-07-08,多云 ,  多云,27℃ , 22℃,东南风 4-5级 , 东南风 3-4级
2023-07-09,多云 ,  多云,27℃ , 22℃,东南风 3-4级 , 东南风 3-4级
2023-07-10,多云 ,  雷阵雨,28℃ , 22℃,东南风 3-4级 , 东风 3-4级
2023-07-11,阴 ,  多云,30℃ , 22℃,东北风 4-5级 , 东北风 3-4级
2023-07-12,雷阵雨 ,  小到中雨,28℃ , 23℃,东风 3-4级 , 东南风 4-5级
2023-07-13,小雨 ,  多云,27℃ , 24℃,东风 4-5级 , 西北风 3-4级
2023-07-14,多云 ,  多云,30℃ , 24℃,西南风 4-5级 , 西北风 4-5级
2023-07-15,多云 ,  多云,29℃ , 23℃,西北风 4-5级 , 西风 3-4级
2023-07-16,多云 ,  晴,30℃ , 22℃,西北风 3-4级 , 西北风 3-4级
2023-07-17,晴 ,  晴,30℃ , 22℃,南风 3-4级 , 南风 3-4级
2023-07-18,晴 ,  晴,30℃ , 23℃,西南风 3-4级 , 西南风 3-4级
2023-07-19,晴 ,  晴,31℃ , 23℃,西南风 3-4级 , 西南风 3-4级
2023-07-20,晴 ,  晴,31℃ , 23℃,西南风 3-4级 , 南风 3-4级
2023-07-21,多云 ,  小到中雨,29℃ , 23℃,东南风 4-5级 , 东南风 4-5级
2023-07-22,大雨 ,  多云,27℃ , 23℃,东南风 4-5级 , 东南风 4-5级
2023-07-23,晴 ,  多云,30℃ , 22℃,西南风 3-4级 , 东风 3-4级
2023-07-24,晴 ,  晴,29℃ , 24℃,东南风 3-4级 , 东南风 3-4级
2023-07-25,多云 ,  多云,28℃ , 24℃,东南风 3-4级 , 东南风 3-4级
2023-07-26,阴 ,  阴,29℃ , 24℃,东南风 3-4级 , 南风 3-4级
2023-07-27,雷阵雨 ,  多云,30℃ , 25℃,东南风 3-4级 , 东南风 3-4级
2023-07-28,多云 ,  小到中雨,30℃ , 24℃,南风 4-5级 , 南风 4-5级
2023-07-29,大到暴雨 ,  阴,27℃ , 25℃,东南风 4-5级 , 东南风 4-5级
2023-07-30,多云 ,  多云,29℃ , 25℃,东南风 4-5级 , 东南风 3-4级
2023-07-31,多云 ,  多云,29℃ , 25℃,东南风 3-4级 , 南风 3-4级
2023-08-01,晴 ,  晴,30℃ , 25℃,南风 3-4级 , 南风 3-4级
2023-08-02,晴 ,  晴,31℃ , 26℃,西南风 4-5级 , 西南风 4-5级
2023-08-03,多云 ,  多云,32℃ , 26℃,西南风 4-5级 , 西南风 4-5级
2023-08-04,多云 ,  雷阵雨,31℃ , 25℃,西南风 4-5级 , 西南风 3-4级
2023-08-05,雷阵雨 ,  晴,30℃ , 22℃,东北风 4-5级 , 东北风 4-5级
2023-08-06,晴 ,  晴,28℃ , 21℃,东北风 4-5级 , 东北风 4-5级
2023-08-07,晴 ,  晴,29℃ , 22℃,北风 4-5级 , 北风 3-4级
2023-08-08,晴 ,  晴,30℃ , 24℃,北风 3-4级 , 北风 3-4级
2023-08-09,晴 ,  晴,31℃ , 24℃,北风 3-4级 , 北风 4-5级
2023-08-10,多云 ,  多云,31℃ , 24℃,北风 4-5级 , 北风 4-5级
2023-08-11,多云 ,  阴,30℃ , 24℃,北风 4-5级 , 西风 3-4级
2023-08-12,中雨 ,  大到暴雨,28℃ , 23℃,东风 4-5级 , 东风 4-5级
2023-08-13,阵雨 ,  多云,28℃ , 24℃,北风 4-5级 , 北风 3-4级
2023-08-14,晴 ,  晴,30℃ , 24℃,北风 3-4级 , 北风 3-4级
2023-08-15,多云 ,  多云,28℃ , 23℃,西风 3-4级 , 西风 3-4级
2023-08-16,多云 ,  多云,30℃ , 24℃,西风 3-4级 , 西北风 3-4级
2023-08-17,多云 ,  多云,30℃ , 24℃,北风 3-4级 , 南风 3-4级
2023-08-18,多云 ,  多云,30℃ , 25℃,南风 3-4级 , 东南风 3-4级
2023-08-19,多云 ,  多云,31℃ , 26℃,南风 3-4级 , 南风 3-4级
2023-08-20,多云 ,  小雨,29℃ , 25℃,南风 3-4级 , 南风 4-5级
2023-08-21,中到大雨 ,  多云,28℃ , 24℃,南风 4-5级 , 北风 3-4级
2023-08-22,多云 ,  晴,30℃ , 22℃,北风 3-4级 , 北风 3-4级
2023-08-23,晴 ,  晴,30℃ , 22℃,北风 1-3级 , 北风 1-3级
2023-08-24,多云 ,  多云,30℃ , 22℃,北风 1-3级 , 北风 1-3级
2023-08-25,晴 ,  晴,29℃ , 22℃,西北风 1-3级 , 北风 1-3级
2023-08-26,多云 ,  多云,28℃ , 22℃,北风 1-3级 , 东北风 1-3级
2023-08-27,多云 ,  多云,27℃ , 22℃,东北风 1-3级 , 东北风 1-3级
2023-08-28,大雨 ,  小雨,23℃ , 19℃,东北风 1-3级 , 北风 1-3级
2023-08-29,多云 ,  晴,28℃ , 20℃,北风 1-3级 , 北风 1-3级
2023-08-30,晴 ,  多云,27℃ , 20℃,北风 3-4级 , 西南风 3-4级
2023-08-31,雷阵雨 ,  多云,27℃ , 20℃,西南风 3-4级 , 西北风 3-4级
2023-09-01,晴 ,  晴,28℃ , 20℃,西风 3-4级 , 西北风 3-4级
2023-09-02,晴 ,  晴,28℃ , 20℃,南风 3-4级 , 东南风 3-4级
2023-09-03,晴 ,  多云,28℃ , 22℃,南风 3-4级 , 东南风 3-4级
2023-09-04,多云 ,  晴,28℃ , 22℃,东南风 3-4级 , 北风 3-4级
2023-09-05,晴 ,  晴,30℃ , 21℃,北风 3-4级 , 北风 3-4级
2023-09-06,晴 ,  晴,30℃ , 21℃,北风 3-4级 , 北风 1-3级
2023-09-07,晴 ,  多云,29℃ , 23℃,南风 3-4级 , 南风 3-4级
2023-09-08,多云 ,  多云,29℃ , 23℃,南风 1-3级 , 南风 1-3级
2023-09-09,多云 ,  多云,28℃ , 22℃,北风 3-4级 , 北风 3-4级
2023-09-10,多云 ,  多云,27℃ , 23℃,南风 1-3级 , 西南风 3-4级
2023-09-11,多云 ,  雷阵雨,27℃ , 21℃,西南风 3-4级 , 北风 4-5级
2023-09-12,晴 ,  晴,28℃ , 17℃,北风 1-3级 , 东北风 1-3级
2023-09-13,晴 ,  晴,28℃ , 18℃,东北风 3-4级 , 东北风 3-4级
2023-09-14,晴 ,  晴,28℃ , 19℃,北风 1-3级 , 北风 1-3级
2023-09-15,多云 ,  多云,28℃ , 20℃,东南风 1-3级 , 东南风 1-3级
2023-09-16,多云 ,  多云,28℃ , 20℃,东北风 1-3级 , 东北风 1-3级
2023-09-17,晴 ,  多云,27℃ , 22℃,南风 3-4级 , 南风 3-4级
2023-09-18,雷阵雨 ,  雷阵雨,29℃ , 21℃,西南风 4-5级 , 北风 4-5级
2023-09-19,多云 ,  晴,27℃ , 18℃,北风 4-5级 , 北风 4-5级
2023-09-20,晴 ,  晴,26℃ , 17℃,北风 4-5级 , 北风 4-5级
2023-09-21,晴 ,  晴,26℃ , 20℃,北风 3-4级 , 西南风 3-4级
2023-09-22,多云 ,  多云,28℃ , 17℃,北风 4-5级 , 北风 4-5级
2023-09-23,多云 ,  多云,25℃ , 19℃,东北风 4-5级 , 东南风 3-4级
2023-09-24,阵雨 ,  雷阵雨,25℃ , 19℃,东南风 4-5级 , 东南风 4-5级
2023-09-25,阵雨 ,  小雨,23℃ , 18℃,东南风 3-4级 , 北风 3-4级
2023-09-26,小雨 ,  阴,22℃ , 19℃,东风 3-4级 , 西风 3-4级
2023-09-27,多云 ,  晴,25℃ , 18℃,西风 3-4级 , 西北风 3-4级
2023-09-28,晴 ,  晴,26℃ , 17℃,北风 3-4级 , 南风 3-4级
2023-09-29,多云 ,  多云,25℃ , 18℃,西南风 4-5级 , 西北风 4-5级
2023-09-30,晴 ,  晴,22℃ , 16℃,北风 4-5级 , 北风 3-4级
2023-10-01,晴 ,  晴,25℃ , 16℃,西北风 3-4级 , 西南风 3-4级
2023-10-02,晴 ,  多云,24℃ , 19℃,西南风 3-4级 , 西南风 3-4级
2023-10-03,多云 ,  多云,24℃ , 18℃,西南风 3-4级 , 北风 4-5级
2023-10-04,多云 ,  晴,21℃ , 12℃,北风 4-5级 , 北风 4-5级
2023-10-05,晴 ,  晴,19℃ , 14℃,西北风 4-5级 , 西北风 3-4级
2023-10-06,多云 ,  多云,23℃ , 15℃,西北风 3-4级 , 东北风 3-4级
2023-10-07,多云 ,  多云,21℃ , 16℃,东风 3-4级 , 东南风 3-4级
2023-10-08,多云 ,  雷阵雨,22℃ , 14℃,南风 3-4级 , 西北风 4-5级
2023-10-09,阵雨 ,  晴,21℃ , 14℃,北风 4-5级 , 北风 4-5级
2023-10-10,晴 ,  晴,21℃ , 14℃,北风 3-4级 , 北风 3-4级
2023-10-11,晴 ,  多云,23℃ , 15℃,西北风 4-5级 , 西北风 4-5级
2023-10-12,多云 ,  阴,22℃ , 16℃,西南风 4-5级 , 西南风 4-5级
2023-10-13,雷阵雨 ,  雷阵雨,21℃ , 12℃,西南风 4-5级 , 西北风 5-6级
2023-10-14,多云 ,  晴,21℃ , 15℃,西北风 4-5级 , 无持续风向 5-6级
2023-10-15,晴 ,  晴,19℃ , 10℃,北风 5-6级 , 北风 4-5级
2023-10-16,晴 ,  晴,17℃ , 11℃,无持续风向 4-5级 , 西南风 4-5级
2023-10-17,晴 ,  阴,21℃ , 15℃,南风 4-5级 , 西南风 5-6级
2023-10-18,小雨 ,  多云,20℃ , 13℃,无持续风向 5-6级 , 无持续风向 4-5级
2023-10-19,晴 ,  多云,19℃ , 10℃,北风 5-6级 , 北风 5-6级
2023-10-20,晴 ,  晴,15℃ , 11℃,西北风 5-6级 , 西北风 5-6级
2023-10-21,晴 ,  晴,18℃ , 12℃,北风 4-5级 , 西南风 5-6级
2023-10-22,晴 ,  晴,21℃ , 14℃,西南风 4-5级 , 西南风 4-5级
2023-10-23,晴 ,  晴,22℃ , 16℃,西南风 4-5级 , 西南风 5-6级
2023-10-24,晴 ,  晴,22℃ , 14℃,西南风 4-5级 , 西南风 4-5级
2023-10-25,晴 ,  晴,22℃ , 11℃,西南风 4-5级 , 北风 5-6级
2023-10-26,晴 ,  晴,17℃ , 8℃,北风 6-7级 , 北风 5-6级
2023-10-27,晴 ,  晴,19℃ , 12℃,西南风 5-6级 , 西南风 4-5级
2023-10-28,晴 ,  晴,20℃ , 14℃,东南风 4-5级 , 东南风 4-5级
2023-10-29,晴 ,  阴,21℃ , 16℃,南风 4-5级 , 南风 5-6级
2023-10-30,多云 ,  多云,22℃ , 16℃,南风 4-5级 , 南风 5-6级
2023-10-31,晴 ,  多云,22℃ , 14℃,西南风 5-6级 , 西南风 4-5级
2023-11-01,晴 ,  晴,22℃ , 16℃,无持续风向 3-4级 , 西南风 4-5级
2023-11-02,晴 ,  多云,24℃ , 8℃,西南风 5-6级 , 北风 5-6级
2023-11-03,晴 ,  晴,13℃ , 8℃,北风 4-5级 , 北风 4-5级
2023-11-04,晴 ,  阴,17℃ , 10℃,东风 4-5级 , 东风 4-5级
2023-11-05,中到大雨 ,  中到大雨,18℃ , 8℃,东风 5-6级 , 西北风 5-6级
2023-11-06,小雨 ,  多云,8℃ , 2℃,西北风 7-8级 , 西北风 7-8级
2023-11-07,多云 ,  阵雨,13℃ , 3℃,南风 4-5级 , 南风 5-6级
2023-11-08,阴 ,  多云,17℃ , 5℃,南风 5-6级 , 无持续风向 5-6级
2023-11-09,多云 ,  晴,8℃ , 1℃,北风 5-6级 , 北风 5-6级
2023-11-10,多云 ,  多云,3℃ , -2℃,北风 5-6级 , 无持续风向 4-5级
2023-11-11,晴 ,  多云,3℃ , -2℃,北风 5-6级 , 无持续风向 5-6级
2023-11-12,多云 ,  晴,2℃ , -2℃,北风 5-6级 , 北风 5-6级
2023-11-13,晴 ,  多云,8℃ , 2℃,西北风 4-5级 , 西风 4-5级
2023-11-14,晴 ,  晴,12℃ , 7℃,西风 4-5级 , 西风 4-5级
2023-11-15,多云 ,  小雨,13℃ , 7℃,西南风 4-5级 , 西北风 5-6级
2023-11-16,多云 ,  雨夹雪,9℃ , -1℃,西北风 5-6级 , 西北风 5-6级
2023-11-17,小雪 ,  多云,3℃ , 0℃,西北风 6-7级 , 西北风 6-7级
2023-11-18,晴 ,  晴,10℃ , 2℃,西风 5-6级 , 西风 5-6级
2023-11-19,晴 ,  晴,11℃ , 4℃,北风 5-6级 , 西南风 4-5级
2023-11-20,晴 ,  晴,14℃ , 8℃,南风 5-6级 , 西南风 5-6级
2023-11-21,晴 ,  多云,15℃ , 10℃,南风 4-5级 , 南风 4-5级
2023-11-22,阴 ,  多云,15℃ , 2℃,西风 5-6级 , 北风 5-6级
2023-11-23,阵雪 ,  多云,4℃ , -4℃,北风 5-6级 , 北风 5-6级
2023-11-24,多云 ,  晴,-1℃ , -5℃,北风 5-6级 , 南风 4-5级
2023-11-25,阴 ,  雨夹雪,7℃ , -3℃,南风 5-6级 , 南风 5-6级
2023-11-26,多云 ,  雨夹雪,8℃ , 4℃,西风 4-5级 , 西风 4-5级
2023-11-27,多云 ,  多云,7℃ , -4℃,北风 5-6级 , 北风 5-6级
2023-11-28,多云 ,  阵雪,1℃ , -4℃,西北风 1-3级 , 无持续风向 5-6级
2023-11-29,晴 ,  晴,0℃ , -5℃,北风 5-6级 , 北风 5-6级
2023-11-30,晴 ,  晴,0℃ , -5℃,西北风 4-5级 , 西北风 4-5级
2023-12-01,晴 ,  晴,5℃ , -2℃,西风 5-6级 , 西风 5-6级
2023-12-02,晴 ,  晴,8℃ , -2℃,西北风 5-6级 , 西北风 4-5级
2023-12-03,晴 ,  晴,10℃ , 2℃,西南风 5-6级 , 西南风 5-6级
2023-12-04,晴 ,  多云,10℃ , 3℃,西南风 4-5级 , 无持续风向 4-5级
2023-12-05,晴 ,  多云,10℃ , 4℃,西南风 4-5级 , 西北风 4-5级
2023-12-06,晴 ,  晴,8℃ , 1℃,西北风 5-6级 , 西南风 5-6级
2023-12-07,晴 ,  晴,13℃ , 8℃,西南风 4-5级 , 西南风 4-5级
2023-12-08,晴 ,  晴,14℃ , -1℃,西南风 4-5级 , 北风 5-6级
2023-12-09,晴 ,  多云,6℃ , -5℃,无持续风向 5-6级 , 北风 5-6级
2023-12-10,多云 ,  阴,-2℃ , -5℃,北风 5-6级 , 北风 5-6级
2023-12-11,中雪 ,  多云,-4℃ , -8℃,北风 5-6级 , 北风 5-6级
2023-12-12,晴 ,  多云,-2℃ , -8℃,北风 4-5级 , 北风 5-6级
2023-12-13,多云 ,  阴,1℃ , -5℃,东北风 5-6级 , 东北风 5-6级
2023-12-14,中雪 ,  大雪,-3℃ , -9℃,东北风 6-7级 , 东北风 6-7级
2023-12-15,阵雪 ,  阵雪,-8℃ , -10℃,北风 6-7级 , 北风 6-7级
2023-12-16,阵雪 ,  阵雪,-8℃ , -11℃,西北风 5-6级 , 西北风 5-6级
2023-12-17,阵雪 ,  多云,-6℃ , -10℃,西北风 3-4级 , 西北风 4-5级
2023-12-18,阵雪 ,  阵雪,-1℃ , -6℃,西风 4-5级 , 西风 5-6级
2023-12-19,阵雪 ,  阵雪,-1℃ , -13℃,北风 4-5级 , 北风 4-5级
2023-12-20,阵雪 ,  阵雪,-11℃ , -14℃,北风 4-5级 , 北风 4-5级
2023-12-21,阵雪 ,  多云,-8℃ , -14℃,北风 4-5级 , 西北风 4-5级
2023-12-22,多云 ,  多云,-3℃ , -10℃,西风 4-5级 , 西风 3-4级
2023-12-23,阵雪 ,  多云,0℃ , -6℃,西风 3-4级 , 西风 3-4级
2023-12-24,雨夹雪 ,  晴,0℃ , -6℃,西风 4-5级 , 西北风 4-5级
2023-12-25,晴 ,  晴,3℃ , -4℃,西南风 4-5级 , 西南风 4-5级
2023-12-26,晴 ,  晴,2℃ , -5℃,东北风 4-5级 , 东北风 3-4级
2023-12-27,晴 ,  多云,2℃ , -3℃,东风 3-4级 , 西风 3-4级
2023-12-28,雨夹雪 ,  多云,4℃ , -3℃,西北风 3-4级 , 西南风 3-4级
2023-12-29,雨夹雪 ,  小雨,4℃ , -1℃,西南风 3-4级 , 西南风 3-4级
2023-12-30,小雨 ,  小雪,6℃ , -4℃,西南风 3-4级 , 北风 4-5级
2023-12-31,多云 ,  晴,-4℃ , -8℃,北风 5-6级 , 北风 4-5级
2024-01-01,晴 ,  多云,1℃ , -8℃,西南风 3-4级 , 西南风 3-4级
2024-01-02,多云 ,  多云,4℃ , -4℃,西风 3-4级 , 北风 3-4级
2024-01-03,晴 ,  晴,2℃ , -3℃,北风 3-4级 , 西南风 4-5级
2024-01-04,晴 ,  晴,7℃ , -3℃,西南风 4-5级 , 北风 4-5级
2024-01-05,晴 ,  晴,2℃ , -3℃,北风 4-5级 , 西南风 3-4级
2024-01-06,多云 ,  多云,1℃ , -8℃,北风 4-5级 , 北风 4-5级
2024-01-07,晴 ,  晴,-2℃ , -8℃,北风 4-5级 , 南风 3-4级
2024-01-08,晴 ,  多云,4℃ , -2℃,西南风 4-5级 , 北风 4-5级
2024-01-09,多云 ,  晴,0℃ , -7℃,北风 4-5级 , 北风 4-5级
2024-01-10,晴 ,  晴,3℃ , -6℃,西南风 4-5级 , 西南风 4-5级
2024-01-11,晴 ,  晴,5℃ , -3℃,西南风 4-5级 , 东北风 3-4级
2024-01-12,晴 ,  晴,5℃ , -3℃,南风 3-4级 , 东北风 3-4级
2024-01-13,多云 ,  雨夹雪,5℃ , -5℃,东南风 4-5级 , 北风 4-5级
2024-01-14,晴 ,  晴,-3℃ , -6℃,北风 4-5级 , 北风 4-5级
2024-01-15,晴 ,  晴,3℃ , -4℃,西风 3-4级 , 西南风 3-4级
2024-01-16,晴 ,  多云,5℃ , 0℃,南风 3-4级 , 西南风 3-4级
2024-01-17,雨夹雪 ,  阵雪,4℃ , -4℃,西南风 3-4级 , 北风 4-5级
2024-01-18,晴 ,  晴,0℃ , -6℃,北风 4-5级 , 北风 4-5级
2024-01-19,晴 ,  多云,1℃ , -6℃,北风 4-5级 , 北风 4-5级
2024-01-20,小到中雪 ,  阵雪,-3℃ , -11℃,北风 4-5级 , 北风 4-5级
2024-01-21,晴 ,  阵雪,-9℃ , -13℃,北风 4-5级 , 北风 4-5级
2024-01-22,晴 ,  晴,-10℃ , -14℃,北风 4-5级 , 北风 4-5级
2024-01-23,晴 ,  晴,-2℃ , -11℃,西北风 4-5级 , 北风 4-5级
2024-01-24,晴 ,  晴,-3℃ , -7℃,北风 4-5级 , 西风 3-4级
2024-01-25,晴 ,  晴,3℃ , -3℃,西风 3-4级 , 西北风 3-4级
2024-01-26,晴 ,  晴,2℃ , -6℃,北风 3-4级 , 北风 3-4级
2024-01-27,晴 ,  晴,0℃ , -5℃,北风 3-4级 , 北风 3-4级
2024-01-28,晴 ,  晴,4℃ , -4℃,西南风 3-4级 , 北风 3-4级
2024-01-29,晴 ,  晴,3℃ , -2℃,东北风 3-4级 , 南风 3-4级
2024-01-30,阴 ,  阴,6℃ , -5℃,南风 3-4级 , 北风 4-5级
2024-01-31,多云 ,  晴,-4℃ , -12℃,北风 4-5级 , 北风 4-5级
2024-02-01,晴 ,  晴,-8℃ , -13℃,北风 4-5级 , 北风 4-5级
2024-02-02,晴 ,  多云,-3℃ , -11℃,北风 4-5级 , 北风 4-5级
2024-02-03,晴 ,  晴,-1℃ , -8℃,北风 4-5级 , 北风 4-5级
2024-02-04,晴 ,  阴,0℃ , -8℃,北风 4-5级 , 北风 4-5级
2024-02-05,小到中雪 ,  多云,-4℃ , -8℃,北风 4-5级 , 北风 4-5级
2024-02-06,晴 ,  晴,-3℃ , -8℃,北风 4-5级 , 北风 4-5级
2024-02-07,晴 ,  晴,-1℃ , -6℃,北风 4-5级 , 北风 3-4级
2024-02-08,晴 ,  晴,2℃ , -5℃,西北风 3-4级 , 西北风 3-4级
2024-02-09,晴 ,  晴,5℃ , -3℃,西南风 3-4级 , 东北风 3-4级
2024-02-10,晴 ,  晴,3℃ , -3℃,东北风 3-4级 , 西南风 3-4级
2024-02-11,晴 ,  晴,6℃ , 0℃,西风 4-5级 , 南风 3-4级
2024-02-12,晴 ,  晴,11℃ , 4℃,南风 4-5级 , 南风 4-5级
2024-02-13,晴 ,  多云,12℃ , 2℃,南风 3-4级 , 北风 3-4级
2024-02-14,多云 ,  多云,7℃ , -3℃,北风 4-5级 , 北风 4-5级
2024-02-15,晴 ,  晴,2℃ , -3℃,北风 4-5级 , 南风 3-4级
2024-02-16,晴 ,  晴,7℃ , 2℃,南风 4-5级 , 南风 4-5级
2024-02-17,晴 ,  多云,10℃ , 3℃,南风 4-5级 , 南风 4-5级
2024-02-18,小雨 ,  小到中雨,10℃ , -1℃,东南风 4-5级 , 北风 4-5级
2024-02-19,多云 ,  晴,-2℃ , -10℃,北风 5-6级 , 北风 4-5级
2024-02-20,多云 ,  小雪,-5℃ , -9℃,北风 4-5级 , 北风 5-6级
2024-02-21,小雪 ,  多云,-6℃ , -10℃,北风 5-6级 , 北风 4-5级
2024-02-22,多云 ,  多云,-4℃ , -8℃,北风 4-5级 , 北风 4-5级
2024-02-23,晴 ,  晴,0℃ , -8℃,北风 4-5级 , 北风 3-4级
2024-02-24,阴 ,  阴,3℃ , -3℃,北风 3-4级 , 北风 3-4级
2024-02-25,晴 ,  晴,3℃ , -4℃,北风 4-5级 , 北风 4-5级
2024-02-26,晴 ,  多云,2℃ , -4℃,北风 4-5级 , 北风 3-4级
2024-02-27,多云 ,  多云,3℃ , -2℃,南风 1-3级 , 南风 1-3级
2024-02-28,多云 ,  多云,5℃ , -2℃,北风 3-4级 , 北风 3-4级
2024-02-29,多云 ,  晴,0℃ , -8℃,北风 4-5级 , 北风 4-5级
2024-03-01,晴 ,  晴,2℃ , -8℃,西北风 4-5级 , 西南风 4-5级
2024-03-02,晴 ,  晴,4℃ , -2℃,西北风 4-5级 , 东北风 1-3级
2024-03-03,晴 ,  晴,5℃ , -1℃,北风 3-4级 , 东南风 3-4级
2024-03-04,多云 ,  多云,6℃ , 1℃,东南风 4-5级 , 东北风 4-5级
2024-03-05,多云 ,  多云,8℃ , 0℃,北风 4-5级 , 北风 4-5级
2024-03-06,多云 ,  多云,8℃ , 0℃,北风 4-5级 , 北风 4-5级
2024-03-07,多云 ,  晴,7℃ , -1℃,西风 4-5级 , 西北风 4-5级
2024-03-08,晴 ,  晴,3℃ , -2℃,西北风 4-5级 , 南风 3-4级
2024-03-09,晴 ,  晴,6℃ , 1℃,南风 4-5级 , 南风 4-5级
2024-03-10,多云 ,  阴,9℃ , 5℃,南风 4-5级 , 南风 4-5级
2024-03-11,小雨 ,  多云,10℃ , 1℃,北风 4-5级 , 北风 4-5级
2024-03-12,晴 ,  晴,9℃ , 3℃,西北风 4-5级 , 西南风 3-4级
2024-03-13,晴 ,  晴,12℃ , 3℃,西风 4-5级 , 南风 3-4级
2024-03-14,晴 ,  晴,15℃ , 7℃,西南风 4-5级 , 西南风 4-5级
2024-03-15,晴 ,  晴,17℃ , 4℃,西南风 4-5级 , 南风 3-4级
2024-03-16,多云 ,  多云,13℃ , 3℃,南风 4-5级 , 北风 4-5级
2024-03-17,晴 ,  晴,8℃ , 0℃,北风 4-5级 , 西南风 3-4级
2024-03-18,多云 ,  多云,11℃ , 2℃,西南风 3-4级 , 西北风 3-4级
2024-03-19,多云 ,  晴,8℃ , 2℃,西北风 4-5级 , 西北风 4-5级
2024-03-20,晴 ,  晴,7℃ , 2℃,西北风 4-5级 , 西南风 4-5级
2024-03-21,小雨 ,  小雨,11℃ , 6℃,东南风 4-5级 , 东南风 4-5级
2024-03-22,阵雨 ,  晴,14℃ , 4℃,东南风 4-5级 , 东北风 3-4级
2024-03-23,多云 ,  多云,9℃ , 2℃,东风 3-4级 , 东北风 4-5级
2024-03-24,多云 ,  阵雨,14℃ , 5℃,东北风 4-5级 , 东北风 3-4级
2024-03-25,阵雨 ,  多云,8℃ , 4℃,北风 4-5级 , 北风 3-4级
2024-03-26,晴 ,  阴,14℃ , 5℃,南风 3-4级 , 南风 4-5级
2024-03-27,多云 ,  雷阵雨,14℃ , 7℃,南风 4-5级 , 南风 4-5级
2024-03-28,多云 ,  阵雨,12℃ , 4℃,西风 4-5级 , 西风 4-5级
2024-03-29,晴 ,  多云,12℃ , 6℃,西北风 4-5级 , 西南风 3-4级
2024-03-30,晴 ,  多云,14℃ , 5℃,北风 4-5级 , 南风 3-4级
2024-03-31,多云 ,  晴,12℃ , 5℃,东南风 3-4级 , 东风 3-4级
2024-04-01,多云 ,  阴,11℃ , 7℃,东南风 4-5级 , 东风 4-5级
2024-04-02,多云 ,  多云,12℃ , 8℃,东风 4-5级 , 北风 4-5级
2024-04-03,多云 ,  晴,16℃ , 7℃,北风 4-5级 , 北风 4-5级
2024-04-04,晴 ,  晴,15℃ , 5℃,北风 4-5级 , 北风 3-4级
2024-04-05,晴 ,  多云,17℃ , 9℃,西南风 4-5级 , 西南风 3-4级
2024-04-06,晴 ,  晴,19℃ , 10℃,西南风 4-5级 , 西南风 3-4级
2024-04-07,晴 ,  晴,20℃ , 8℃,西南风 3-4级 , 北风 4-5级
2024-04-08,晴 ,  晴,18℃ , 5℃,北风 4-5级 , 北风 4-5级
2024-04-09,多云 ,  阴,13℃ , 6℃,北风 3-4级 , 南风 3-4级
2024-04-10,阴 ,  阵雨,17℃ , 10℃,南风 3-4级 , 南风 4-5级
2024-04-11,晴 ,  晴,19℃ , 11℃,南风 4-5级 , 南风 4-5级
2024-04-12,晴 ,  多云,19℃ , 11℃,南风 4-5级 , 南风 3-4级
2024-04-13,多云 ,  多云,17℃ , 9℃,南风 4-5级 , 东南风 4-5级
2024-04-14,阵雨 ,  小到中雨,14℃ , 10℃,东南风 4-5级 , 北风 4-5级
2024-04-15,多云 ,  晴,16℃ , 10℃,西风 4-5级 , 西北风 3-4级
2024-04-16,晴 ,  晴,20℃ , 9℃,西北风 4-5级 , 西南风 3-4级
2024-04-17,晴 ,  晴,21℃ , 11℃,西南风 3-4级 , 西南风 3-4级
2024-04-18,晴 ,  多云,22℃ , 12℃,北风 4-5级 , 北风 3-4级
2024-04-19,晴 ,  多云,20℃ , 11℃,东北风 4-5级 , 东风 3-4级
2024-04-20,多云 ,  晴,18℃ , 10℃,东风 3-4级 , 东风 3-4级
2024-04-21,晴 ,  晴,18℃ , 8℃,东风 3-4级 , 东南风 3-4级
2024-04-22,多云 ,  阴,18℃ , 12℃,东南风 3-4级 , 东南风 4-5级
2024-04-23,中雨 ,  小雨,16℃ , 10℃,东南风 4-5级 , 北风 3-4级
2024-04-24,多云 ,  晴,19℃ , 10℃,南风 3-4级 , 南风 4-5级
2024-04-25,晴 ,  晴,23℃ , 15℃,南风 4-5级 , 南风 4-5级
2024-04-26,晴 ,  多云,20℃ , 13℃,东南风 3-4级 , 东南风 3-4级
2024-04-27,多云 ,  多云,20℃ , 14℃,东风 3-4级 , 东北风 3-4级
2024-04-28,多云 ,  多云,23℃ , 11℃,东北风 4-5级 , 东北风 4-5级
2024-04-29,多云 ,  多云,20℃ , 10℃,北风 4-5级 , 北风 4-5级
2024-04-30,多云 ,  晴,18℃ , 12℃,西北风 4-5级 , 西南风 3-4级
2024-05-01,晴 ,  晴,24℃ , 14℃,西南风 3-4级 , 西南风 3-4级
2024-05-02,晴 ,  晴,25℃ , 15℃,西南风 4-5级 , 西南风 3-4级
2024-05-03,晴 ,  晴,26℃ , 14℃,西南风 3-4级 , 西南风 3-4级
2024-05-04,多云 ,  雷阵雨,23℃ , 13℃,东南风 3-4级 , 东南风 3-4级
2024-05-05,小到中雨 ,  小到中雨,17℃ , 12℃,西北风 4-5级 , 西北风 4-5级
2024-05-06,阵雨 ,  多云,16℃ , 13℃,西北风 4-5级 , 西北风 4-5级
2024-05-07,多云 ,  晴,23℃ , 13℃,北风 4-5级 , 北风 3-4级
2024-05-08,晴 ,  晴,25℃ , 16℃,西南风 3-4级 , 西南风 4-5级
2024-05-09,晴 ,  多云,26℃ , 16℃,西南风 4-5级 , 南风 4-5级
2024-05-10,多云 ,  阵雨,25℃ , 15℃,南风 4-5级 , 南风 4-5级
2024-05-11,多云 ,  晴,21℃ , 14℃,西风 4-5级 , 西北风 3-4级
2024-05-12,晴 ,  晴,24℃ , 14℃,西南风 3-4级 , 西南风 3-4级
2024-05-13,晴 ,  晴,28℃ , 18℃,西南风 4-5级 , 西南风 4-5级
2024-05-14,多云 ,  阵雨,30℃ , 15℃,西南风 4-5级 , 北风 4-5级
2024-05-15,晴 ,  晴,24℃ , 16℃,北风 4-5级 , 西风 4-5级
2024-05-16,晴 ,  晴,26℃ , 15℃,西风 4-5级 , 南风 3-4级
2024-05-17,晴 ,  晴,24℃ , 15℃,东南风 3-4级 , 东南风 3-4级
2024-05-18,晴 ,  晴,23℃ , 16℃,东南风 4-5级 , 东南风 4-5级
2024-05-19,雷阵雨 ,  雷阵雨,20℃ , 14℃,东南风 4-5级 , 北风 4-5级
2024-05-20,晴 ,  晴,24℃ , 14℃,北风 3-4级 , 南风 3-4级
2024-05-21,晴 ,  晴,21℃ , 14℃,东南风 3-4级 , 南风 3-4级
2024-05-22,晴 ,  晴,22℃ , 13℃,南风 4-5级 , 南风 4-5级
2024-05-23,晴 ,  多云,24℃ , 16℃,东北风 4-5级 , 东北风 3-4级
2024-05-24,多云 ,  阵雨,24℃ , 16℃,东北风 3-4级 , 东风 3-4级
2024-05-25,多云 ,  中到大雨,23℃ , 17℃,东南风 3-4级 , 南风 4-5级
2024-05-26,阵雨 ,  晴,20℃ , 15℃,西北风 4-5级 , 西北风 4-5级
2024-05-27,晴 ,  晴,24℃ , 16℃,西北风 4-5级 , 西风 3-4级
2024-05-28,晴 ,  晴,25℃ , 16℃,西南风 3-4级 , 西南风 3-4级
2024-05-29,晴 ,  多云,26℃ , 18℃,西南风 4-5级 , 西南风 4-5级
2024-05-30,多云 ,  雷阵雨,22℃ , 15℃,南风 4-5级 , 北风 4-5级
2024-05-31,多云 ,  晴,25℃ , 16℃,北风 4-5级 , 西北风 3-4级
2024-06-01,晴 ,  晴,25℃ , 16℃,西风 3-4级 , 西风 3-4级
2024-06-02,晴 ,  晴,27℃ , 17℃,北风 3-4级 , 北风 3-4级
2024-06-03,晴 ,  晴,26℃ , 16℃,北风 3-4级 , 南风 3-4级
2024-06-04,晴 ,  晴,26℃ , 18℃,南风 3-4级 , 南风 3-4级
2024-06-05,多云 ,  多云,24℃ , 17℃,南风 3-4级 , 南风 3-4级
2024-06-06,晴 ,  多云,26℃ , 18℃,南风 3-4级 , 南风 4-5级
2024-06-07,多云 ,  雷阵雨,23℃ , 18℃,南风 4-5级 , 南风 4-5级
2024-06-08,多云 ,  多云,25℃ , 18℃,南风 3-4级 , 东南风 3-4级
2024-06-09,多云 ,  晴,26℃ , 18℃,东南风 3-4级 , 东风 3-4级
2024-06-10,晴 ,  晴,23℃ , 17℃,东南风 3-4级 , 南风 3-4级
2024-06-11,阴 ,  阴,29℃ , 19℃,南风 4-5级 , 南风 4-5级
2024-06-12,晴 ,  晴,28℃ , 20℃,南风 4-5级 , 南风 3-4级
2024-06-13,多云 ,  雷阵雨,25℃ , 20℃,南风 4-5级 , 南风 4-5级
2024-06-14,小雨 ,  多云,24℃ , 18℃,南风 4-5级 , 北风 3-4级
2024-06-15,晴 ,  晴,27℃ , 18℃,北风 3-4级 , 西风 3-4级
2024-06-16,晴 ,  晴,28℃ , 21℃,西南风 4-5级 , 西南风 4-5级
2024-06-17,晴 ,  晴,31℃ , 21℃,西南风 4-5级 , 西南风 4-5级
2024-06-18,晴 ,  晴,32℃ , 20℃,西南风 4-5级 , 西南风 4-5级
2024-06-19,晴 ,  晴,27℃ , 20℃,南风 4-5级 , 南风 3-4级
2024-06-20,多云 ,  多云,26℃ , 20℃,东南风 3-4级 , 东南风 3-4级
2024-06-21,多云 ,  多云,25℃ , 20℃,东南风 3-4级 , 东南风 3-4级
2024-06-22,多云 ,  多云,26℃ , 20℃,南风 3-4级 , 南风 3-4级
2024-06-23,多云 ,  多云,28℃ , 20℃,北风 4-5级 , 北风 3-4级
2024-06-24,晴 ,  晴,28℃ , 20℃,北风 4-5级 , 西风 3-4级
2024-06-25,晴 ,  晴,29℃ , 20℃,南风 3-4级 , 南风 3-4级
2024-06-26,晴 ,  晴,30℃ , 22℃,南风 3-4级 , 南风 3-4级
2024-06-27,晴 ,  晴,29℃ , 21℃,南风 3-4级 , 南风 3-4级
2024-06-28,晴 ,  多云,29℃ , 21℃,南风 3-4级 , 南风 3-4级
2024-06-29,多云 ,  小雨,25℃ , 20℃,东南风 4-5级 , 北风 4-5级
2024-06-30,多云 ,  多云,28℃ , 21℃,南风 3-4级 , 北风 3-4级
2024-07-01,多云 ,  多云,30℃ , 21℃,北风 3-4级 , 东风 3-4级
2024-07-02,中雨 ,  小雨,24℃ , 20℃,东北风 4-5级 , 西北风 4-5级
2024-07-03,多云 ,  多云,27℃ , 21℃,西风 4-5级 , 西南风 3-4级
2024-07-04,中雨 ,  多云,25℃ , 20℃,东北风 3-4级 , 西南风 3-4级
2024-07-05,多云 ,  大雨,27℃ , 22℃,西南风 4-5级 , 东南风 5-6级
2024-07-06,小雨 ,  多云,26℃ , 21℃,西北风 5-6级 , 西南风 3-4级
2024-07-07,多云 ,  多云,29℃ , 22℃,西南风 3-4级 , 东北风 3-4级
2024-07-08,多云 ,  多云,29℃ , 22℃,北风 3-4级 , 北风 3-4级
2024-07-09,多云 ,  多云,29℃ , 22℃,北风 3-4级 , 北风 3-4级
2024-07-10,晴 ,  晴,28℃ , 21℃,西北风 3-4级 , 西北风 3-4级
2024-07-11,晴 ,  晴,30℃ , 21℃,西南风 3-4级 , 南风 3-4级
2024-07-12,晴 ,  多云,28℃ , 22℃,东南风 3-4级 , 东南风 3-4级
2024-07-13,多云 ,  多云,27℃ , 22℃,东南风 3-4级 , 东北风 3-4级
2024-07-14,多云 ,  多云,28℃ , 22℃,东风 3-4级 , 东风 3-4级
2024-07-15,多云 ,  小雨,29℃ , 23℃,东南风 3-4级 , 东南风 3-4级
2024-07-16,雷阵雨 ,  雷阵雨,28℃ , 24℃,东南风 4-5级 , 东南风 4-5级
2024-07-17,多云 ,  多云,29℃ , 22℃,西南风 3-4级 , 西南风 3-4级
2024-07-18,晴 ,  晴,31℃ , 24℃,西南风 3-4级 , 西南风 3-4级
2024-07-19,多云 ,  多云,31℃ , 24℃,南风 3-4级 , 南风 3-4级
2024-07-20,阵雨 ,  多云,28℃ , 23℃,南风 3-4级 , 南风 3-4级
2024-07-21,多云 ,  阵雨,31℃ , 24℃,西南风 4-5级 , 南风 4-5级
2024-07-22,小雨 ,  多云,30℃ , 24℃,南风 4-5级 , 南风 3-4级
2024-07-23,多云 ,  多云,31℃ , 25℃,南风 3-4级 , 南风 3-4级
2024-07-24,多云 ,  雷阵雨,30℃ , 24℃,东南风 3-4级 , 南风 3-4级
2024-07-25,小雨 ,  多云,29℃ , 25℃,南风 3-4级 , 南风 4-5级
2024-07-26,小到中雨 ,  中雨,28℃ , 25℃,南风 4-5级 , 南风 4-5级
2024-07-27,大雨 ,  小雨,27℃ , 24℃,南风 4-5级 , 南风 4-5级
2024-07-28,小到中雨 ,  大雨,27℃ , 24℃,南风 4-5级 , 西南风 4-5级
2024-07-29,小到中雨 ,  多云,28℃ , 25℃,西南风 3-4级 , 南风 3-4级
2024-07-30,多云 ,  晴,30℃ , 25℃,东南风 3-4级 , 南风 4-5级
2024-07-31,多云 ,  中到大雨,31℃ , 25℃,南风 4-5级 , 南风 4-5级
2024-08-01,多云 ,  雷阵雨,31℃ , 24℃,西南风 4-5级 , 西南风 3-4级
2024-08-02,多云 ,  多云,32℃ , 25℃,西南风 3-4级 , 东南风 3-4级
2024-08-03,多云 ,  小雨,30℃ , 26℃,东南风 3-4级 , 东南风 3-4级
2024-08-04,中雨 ,  大雨,30℃ , 25℃,南风 4-5级 , 西南风 4-5级
2024-08-05,雷阵雨 ,  小雨,30℃ , 25℃,西南风 3-4级 , 南风 3-4级
2024-08-06,多云 ,  多云,30℃ , 25℃,南风 3-4级 , 东南风 3-4级
2024-08-07,晴 ,  晴,30℃ , 24℃,东南风 3-4级 , 东南风 3-4级
2024-08-08,晴 ,  多云,31℃ , 24℃,西风 1-3级 , 东南风 1-3级
2024-08-09,多云 ,  多云,30℃ , 25℃,东南风 3-4级 , 南风 4-5级
2024-08-10,中雨 ,  雷阵雨,30℃ , 26℃,南风 4-5级 , 南风 4-5级
2024-08-11,晴 ,  晴,31℃ , 26℃,南风 4-5级 , 东南风 3-4级
2024-08-12,多云 ,  多云,31℃ , 26℃,东风 3-4级 , 东风 3-4级
2024-08-13,阴 ,  多云,30℃ , 26℃,东北风 3-4级 , 东北风 3-4级
2024-08-14,多云 ,  多云,31℃ , 25℃,东北风 3-4级 , 东北风 3-4级
2024-08-15,晴 ,  晴,31℃ , 25℃,北风 3-4级 , 北风 3-4级
2024-08-16,晴 ,  晴,31℃ , 26℃,北风 1-3级 , 东北风 1-3级
2024-08-17,多云 ,  多云,31℃ , 26℃,南风 1-3级 , 南风 1-3级
2024-08-18,多云 ,  雷阵雨,31℃ , 25℃,南风 3-4级 , 南风 3-4级
2024-08-19,雷阵雨 ,  雷阵雨,30℃ , 26℃,东南风 3-4级 , 东南风 4-5级
2024-08-20,中雨 ,  大雨,30℃ , 26℃,东南风 4-5级 , 东南风 4-5级
2024-08-21,多云 ,  多云,30℃ , 26℃,东南风 3-4级 , 西北风 3-4级
2024-08-22,晴 ,  晴,32℃ , 25℃,西风 3-4级 , 西风 3-4级
2024-08-23,多云 ,  晴,30℃ , 25℃,西北风 3-4级 , 东南风 1-3级
2024-08-24,晴 ,  多云,31℃ , 25℃,南风 3-4级 , 北风 3-4级
2024-08-25,多云 ,  多云,31℃ , 25℃,东北风 3-4级 , 东北风 3-4级
2024-08-26,中雨 ,  小雨,28℃ , 23℃,东风 4-5级 , 东北风 4-5级
2024-08-27,晴 ,  晴,30℃ , 22℃,北风 4-5级 , 东北风 3-4级
2024-08-28,晴 ,  晴,30℃ , 22℃,东北风 3-4级 , 东北风 3-4级
2024-08-29,晴 ,  晴,29℃ , 21℃,东风 3-4级 , 西风 3-4级
2024-08-30,晴 ,  晴,30℃ , 23℃,西风 3-4级 , 北风 4-5级
2024-08-31,晴 ,  多云,30℃ , 24℃,北风 3-4级 , 南风 3-4级
2024-09-01,小到中雨 ,  晴,29℃ , 19℃,北风 4-5级 , 北风 4-5级
2024-09-02,晴 ,  晴,28℃ , 20℃,北风 4-5级 , 北风 4-5级
2024-09-03,晴 ,  多云,28℃ , 22℃,东风 3-4级 , 东南风 3-4级
2024-09-04,多云 ,  小雨,29℃ , 24℃,西南风 4-5级 , 北风 4-5级
2024-09-05,小雨 ,  晴,26℃ , 19℃,北风 4-5级 , 北风 4-5级
2024-09-06,晴 ,  晴,28℃ , 20℃,北风 3-4级 , 北风 3-4级
2024-09-07,晴 ,  晴,29℃ , 21℃,北风 3-4级 , 北风 3-4级
2024-09-08,晴 ,  晴,28℃ , 23℃,南风 3-4级 , 南风 3-4级
2024-09-09,晴 ,  多云,29℃ , 23℃,南风 4-5级 , 南风 4-5级
2024-09-10,小雨 ,  中雨,28℃ , 20℃,北风 4-5级 , 北风 4-5级
2024-09-11,多云 ,  晴,27℃ , 19℃,东北风 3-4级 , 东北风 3-4级
2024-09-12,多云 ,  多云,27℃ , 22℃,东北风 3-4级 , 东北风 3-4级
2024-09-13,多云 ,  多云,28℃ , 18℃,北风 4-5级 , 北风 4-5级
2024-09-14,多云 ,  多云,24℃ , 16℃,北风 4-5级 , 北风 4-5级
2024-09-15,晴 ,  多云,24℃ , 17℃,北风 4-5级 , 北风 3-4级
2024-09-16,晴 ,  晴,27℃ , 20℃,西北风 3-4级 , 北风 3-4级
2024-09-17,晴 ,  晴,27℃ , 22℃,东北风 3-4级 , 东北风 3-4级
2024-09-18,多云 ,  多云,28℃ , 22℃,东北风 3-4级 , 东风 3-4级
2024-09-19,多云 ,  小雨,28℃ , 22℃,东南风 3-4级 , 东北风 3-4级
2024-09-20,阵雨 ,  阴,20℃ , 14℃,北风 5-6级 , 北风 5-6级
2024-09-21,晴 ,  晴,19℃ , 13℃,北风 5-6级 , 北风 4-5级
2024-09-22,晴 ,  晴,21℃ , 14℃,北风 4-5级 , 北风 3-4级
2024-09-23,晴 ,  晴,22℃ , 16℃,北风 3-4级 , 南风 3-4级
2024-09-24,晴 ,  阴,24℃ , 19℃,南风 3-4级 , 南风 3-4级
2024-09-25,多云 ,  晴,25℃ , 16℃,北风 3-4级 , 北风 3-4级
2024-09-26,晴 ,  晴,23℃ , 16℃,北风 3-4级 , 北风 3-4级
2024-09-27,晴 ,  晴,25℃ , 17℃,北风 3-4级 , 东北风 3-4级
2024-09-28,晴 ,  晴,25℃ , 21℃,东南风 3-4级 , 东南风 3-4级
2024-09-29,多云 ,  多云,25℃ , 21℃,南风 3-4级 , 南风 3-4级
2024-09-30,小雨 ,  小雨,23℃ , 12℃,北风 4-5级 , 北风 4-5级
2024-10-01,晴 ,  晴,18℃ , 12℃,北风 4-5级 , 北风 4-5级
2024-10-02,晴 ,  晴,18℃ , 12℃,西北风 3-4级 , 北风 3-4级
2024-10-03,晴 ,  晴,21℃ , 15℃,西南风 3-4级 , 西南风 3-4级
2024-10-04,晴 ,  晴,21℃ , 15℃,西南风 3-4级 , 西南风 3-4级
2024-10-05,晴 ,  多云,22℃ , 17℃,西南风 3-4级 , 西南风 3-4级
2024-10-06,多云 ,  多云,22℃ , 11℃,北风 4-5级 , 北风 4-5级
2024-10-07,晴 ,  晴,17℃ , 12℃,北风 4-5级 , 北风 3-4级
2024-10-08,晴 ,  多云,21℃ , 13℃,北风 3-4级 , 南风 3-4级
2024-10-09,多云 ,  阴,21℃ , 15℃,南风 3-4级 , 北风 4-5级
2024-10-10,多云 ,  晴,20℃ , 12℃,北风 4-5级 , 北风 3-4级
2024-10-11,晴 ,  晴,21℃ , 15℃,西南风 3-4级 , 西南风 3-4级
2024-10-12,晴 ,  多云,23℃ , 16℃,南风 3-4级 , 南风 3-4级
2024-10-13,多云 ,  多云,21℃ , 17℃,南风 3-4级 , 南风 3-4级
2024-10-14,小雨 ,  多云,22℃ , 13℃,南风 4-5级 , 北风 4-5级
2024-10-15,晴 ,  晴,17℃ , 8℃,北风 4-5级 , 北风 4-5级
2024-10-16,晴 ,  多云,19℃ , 10℃,南风 3-4级 , 南风 3-4级
2024-10-17,多云 ,  小雨,22℃ , 18℃,东南风 3-4级 , 东南风 3-4级
2024-10-18,中到大雨 ,  多云,17℃ , 2℃,北风 5-6级 , 北风 5-6级
2024-10-19,晴 ,  晴,6℃ , 1℃,北风 5-6级 , 北风 4-5级
2024-10-20,小雨 ,  小雨,17℃ , 6℃,东南风 4-5级 , 南风 4-5级
2024-10-21,多云 ,  小雨,17℃ , 11℃,西风 3-4级 , 北风 3-4级
2024-10-22,小到中雨 ,  多云,13℃ , 6℃,北风 4-5级 , 北风 4-5级
2024-10-23,晴 ,  晴,16℃ , 10℃,西北风 4-5级 , 西南风 4-5级
2024-10-24,晴 ,  晴,19℃ , 13℃,西风 3-4级 , 西南风 3-4级
2024-10-25,晴 ,  晴,19℃ , 12℃,东南风 3-4级 , 东风 3-4级
2024-10-26,晴 ,  多云,17℃ , 8℃,东风 3-4级 , 北风 4-5级
2024-10-27,多云 ,  晴,10℃ , 7℃,北风 4-5级 , 北风 4-5级
2024-10-28,晴 ,  多云,15℃ , 8℃,北风 3-4级 , 北风 3-4级
2024-10-29,多云 ,  晴,18℃ , 10℃,西南风 3-4级 , 北风 3-4级
2024-10-30,晴 ,  晴,17℃ , 11℃,北风 3-4级 , 南风 3-4级
2024-10-31,晴 ,  阴,19℃ , 13℃,西南风 3-4级 , 西南风 3-4级
2024-11-01,多云 ,  晴,19℃ , 10℃,北风 4-5级 , 北风 4-5级
2024-11-02,晴 ,  晴,19℃ , 12℃,北风 3-4级 , 南风 3-4级
2024-11-03,多云 ,  多云,20℃ , 7℃,西南风 4-5级 , 北风 4-5级
2024-11-04,晴 ,  多云,9℃ , 4℃,北风 4-5级 , 北风 4-5级
2024-11-05,多云 ,  晴,13℃ , 3℃,西风 4-5级 , 北风 3-4级
2024-11-06,晴 ,  晴,10℃ , 6℃,南风 1-3级 , 南风 1-3级
2024-11-07,晴 ,  晴,14℃ , 10℃,北风 1-3级 , 西风 1-3级
2024-11-08,多云 ,  多云,16℃ , 13℃,南风 4-5级 , 南风 3-4级
2024-11-09,多云 ,  多云,17℃ , 13℃,南风 3-4级 , 南风 3-4级
2024-11-10,多云 ,  晴,17℃ , 6℃,东北风 3-4级 , 东北风 4-5级
2024-11-11,晴 ,  多云,15℃ , 10℃,西南风 3-4级 , 北风 3-4级
2024-11-12,晴 ,  晴,15℃ , 11℃,东北风 3-4级 , 东南风 3-4级
2024-11-13,多云 ,  阴,16℃ , 13℃,南风 3-4级 , 南风 3-4级
2024-11-14,阵雨 ,  阴,16℃ , 12℃,南风 3-4级 , 北风 3-4级
2024-11-15,多云 ,  小雨,17℃ , 13℃,东南风 3-4级 , 北风 3-4级
2024-11-16,多云 ,  晴,15℃ , 1℃,北风 4-5级 , 北风 4-5级
2024-11-17,晴 ,  晴,6℃ , 1℃,北风 4-5级 , 北风 4-5级
2024-11-18,晴 ,  多云,4℃ , -1℃,东北风 4-5级 , 北风 3-4级
2024-11-19,多云 ,  多云,11℃ , 4℃,西南风 4-5级 , 西风 4-5级
2024-11-20,晴 ,  晴,13℃ , 8℃,西风 4-5级 , 西北风 4-5级
2024-11-21,晴 ,  晴,12℃ , 3℃,北风 4-5级 , 北风 4-5级
2024-11-22,晴 ,  晴,9℃ , 0℃,北风 4-5级 , 北风 4-5级
2024-11-23,晴 ,  晴,8℃ , 0℃,北风 3-4级 , 南风 3-4级
2024-11-24,晴 ,  多云,12℃ , 8℃,南风 3-4级 , 南风 3-4级
2024-11-25,中雨 ,  雨夹雪,12℃ , 1℃,西北风 4-5级 , 西北风 4-5级
2024-11-26,阵雪 ,  阵雪,0℃ , -4℃,西北风 4-5级 , 西北风 4-5级
2024-11-27,阵雪 ,  多云,2℃ , -2℃,西北风 4-5级 , 西北风 4-5级
2024-11-28,多云 ,  晴,4℃ , 1℃,西北风 4-5级 , 西北风 4-5级
2024-11-29,晴 ,  晴,9℃ , 2℃,西北风 4-5级 , 西北风 3-4级
2024-11-30,晴 ,  多云,13℃ , 7℃,西北风 3-4级 , 东南风 3-4级
2024-12-01,多云 ,  多云,13℃ , -3℃,南风 4-5级 , 北风 4-5级
2024-12-02,晴 ,  晴,2℃ , -3℃,北风 4-5级 , 西风 3-4级
2024-12-03,晴 ,  晴,7℃ , 0℃,西北风 4-5级 , 北风 3-4级
2024-12-04,晴 ,  晴,5℃ , -1℃,西北风 4-5级 , 西北风 4-5级
2024-12-05,晴 ,  晴,7℃ , -2℃,西北风 4-5级 , 西北风 4-5级
2024-12-06,晴 ,  多云,3℃ , -3℃,北风 3-4级 , 北风 4-5级
2024-12-07,多云 ,  晴,2℃ , -4℃,西北风 4-5级 , 西北风 4-5级
2024-12-08,晴 ,  晴,4℃ , -1℃,北风 4-5级 , 北风 3-4级
2024-12-09,晴 ,  晴,7℃ , 0℃,西风 4-5级 , 北风 3-4级
2024-12-10,晴 ,  多云,4℃ , -3℃,北风 4-5级 , 北风 4-5级
2024-12-11,多云 ,  多云,0℃ , -4℃,北风 4-5级 , 北风 3-4级
2024-12-12,阵雨 ,  雨夹雪,4℃ , 0℃,西风 4-5级 , 北风 4-5级
2024-12-13,多云 ,  晴,2℃ , -3℃,北风 4-5级 , 北风 4-5级
2024-12-14,晴 ,  晴,3℃ , -1℃,西北风 4-5级 , 西北风 4-5级
2024-12-15,晴 ,  晴,3℃ , -2℃,北风 4-5级 , 西北风 4-5级
2024-12-16,晴 ,  多云,4℃ , -2℃,北风 3-4级 , 北风 4-5级
2024-12-17,晴 ,  晴,-1℃ , -6℃,北风 4-5级 , 北风 4-5级
2024-12-18,晴 ,  晴,-3℃ , -7℃,北风 4-5级 , 北风 4-5级
2024-12-19,晴 ,  多云,3℃ , -5℃,西南风 3-4级 , 西南风 4-5级
2024-12-20,多云 ,  多云,4℃ , -6℃,西北风 4-5级 , 北风 4-5级
2024-12-21,多云 ,  晴,-1℃ , -6℃,北风 4-5级 , 北风 4-5级
2024-12-22,晴 ,  晴,3℃ , -1℃,西北风 4-5级 , 西北风 4-5级
2024-12-23,晴 ,  晴,2℃ , -4℃,北风 4-5级 , 北风 3-4级
2024-12-24,晴 ,  晴,5℃ , -2℃,西南风 3-4级 , 西南风 4-5级
2024-12-25,晴 ,  晴,6℃ , -6℃,西北风 4-5级 , 北风 4-5级
2024-12-26,晴 ,  多云,0℃ , -6℃,西北风 4-5级 , 西北风 4-5级
2024-12-27,多云 ,  晴,0℃ , -4℃,西北风 4-5级 , 西北风 4-5级
2024-12-28,晴 ,  晴,3℃ , -2℃,西北风 4-5级 , 西风 3-4级
2024-12-29,晴 ,  晴,6℃ , 0℃,南风 4-5级 , 西风 4-5级
2024-12-30,晴 ,  晴,7℃ , -2℃,西北风 4-5级 , 西北风 4-5级
2024-12-31,晴 ,  晴,5℃ , -2℃,西南风 4-5级 , 北风 3-4级
